tiempo,lane_id,vehiculos_en_cola
1.0,337277951#3_0,0
1.0,337277951#3_1,0
1.0,337277951#1_0,0
1.0,337277951#1_0,0
1.0,337277951#4_0,0
1.0,337277951#4_1,0
1.0,337277951#2_0,0
1.0,337277951#2_1,0
1.0,49217102_0,1
1.0,42143912#5_0,1
1.0,42143912#3_0,0
1.0,42143912#4_0,0
1.0,40668087#1_0,1
1.0,49217102_0,1
2.0,337277951#3_0,0
2.0,337277951#3_1,0
2.0,337277951#1_0,0
2.0,337277951#1_0,0
2.0,337277951#4_0,0
2.0,337277951#4_1,0
2.0,337277951#2_0,0
2.0,337277951#2_1,0
2.0,49217102_0,1
2.0,42143912#5_0,1
2.0,42143912#3_0,0
2.0,42143912#4_0,0
2.0,40668087#1_0,1
2.0,49217102_0,1
3.0,337277951#3_0,0
3.0,337277951#3_1,0
3.0,337277951#1_0,0
3.0,337277951#1_0,0
3.0,337277951#4_0,0
3.0,337277951#4_1,0
3.0,337277951#2_0,0
3.0,337277951#2_1,0
3.0,49217102_0,1
3.0,42143912#5_0,1
3.0,42143912#3_0,0
3.0,42143912#4_0,0
3.0,40668087#1_0,1
3.0,49217102_0,1
4.0,337277951#3_0,0
4.0,337277951#3_1,0
4.0,337277951#1_0,0
4.0,337277951#1_0,0
4.0,337277951#4_0,0
4.0,337277951#4_1,0
4.0,337277951#2_0,0
4.0,337277951#2_1,0
4.0,49217102_0,1
4.0,42143912#5_0,1
4.0,42143912#3_0,0
4.0,42143912#4_0,0
4.0,40668087#1_0,1
4.0,49217102_0,1
5.0,337277951#3_0,0
5.0,337277951#3_1,0
5.0,337277951#1_0,0
5.0,337277951#1_0,0
5.0,337277951#4_0,0
5.0,337277951#4_1,0
5.0,337277951#2_0,0
5.0,337277951#2_1,0
5.0,49217102_0,2
5.0,42143912#5_0,2
5.0,42143912#3_0,0
5.0,42143912#4_0,0
5.0,40668087#1_0,2
5.0,49217102_0,2
6.0,337277951#3_0,0
6.0,337277951#3_1,0
6.0,337277951#1_0,0
6.0,337277951#1_0,0
6.0,337277951#4_0,0
6.0,337277951#4_1,0
6.0,337277951#2_0,0
6.0,337277951#2_1,0
6.0,49217102_0,2
6.0,42143912#5_0,2
6.0,42143912#3_0,0
6.0,42143912#4_0,0
6.0,40668087#1_0,2
6.0,49217102_0,2
7.0,337277951#3_0,0
7.0,337277951#3_1,0
7.0,337277951#1_0,0
7.0,337277951#1_0,0
7.0,337277951#4_0,0
7.0,337277951#4_1,0
7.0,337277951#2_0,0
7.0,337277951#2_1,0
7.0,49217102_0,2
7.0,42143912#5_0,2
7.0,42143912#3_0,0
7.0,42143912#4_0,0
7.0,40668087#1_0,2
7.0,49217102_0,2
8.0,337277951#3_0,0
8.0,337277951#3_1,0
8.0,337277951#1_0,0
8.0,337277951#1_0,0
8.0,337277951#4_0,0
8.0,337277951#4_1,0
8.0,337277951#2_0,0
8.0,337277951#2_1,0
8.0,49217102_0,2
8.0,42143912#5_0,2
8.0,42143912#3_0,0
8.0,42143912#4_0,0
8.0,40668087#1_0,2
8.0,49217102_0,2
9.0,337277951#3_0,0
9.0,337277951#3_1,0
9.0,337277951#1_0,0
9.0,337277951#1_0,0
9.0,337277951#4_0,0
9.0,337277951#4_1,0
9.0,337277951#2_0,0
9.0,337277951#2_1,0
9.0,49217102_0,3
9.0,42143912#5_0,3
9.0,42143912#3_0,0
9.0,42143912#4_0,0
9.0,40668087#1_0,3
9.0,49217102_0,3
10.0,337277951#3_0,0
10.0,337277951#3_1,0
10.0,337277951#1_0,0
10.0,337277951#1_0,0
10.0,337277951#4_0,0
10.0,337277951#4_1,0
10.0,337277951#2_0,0
10.0,337277951#2_1,0
10.0,49217102_0,3
10.0,42143912#5_0,2
10.0,42143912#3_0,0
10.0,42143912#4_0,0
10.0,40668087#1_0,3
10.0,49217102_0,3
11.0,337277951#3_0,0
11.0,337277951#3_1,0
11.0,337277951#1_0,0
11.0,337277951#1_0,0
11.0,337277951#4_0,0
11.0,337277951#4_1,0
11.0,337277951#2_0,0
11.0,337277951#2_1,0
11.0,49217102_0,3
11.0,42143912#5_0,2
11.0,42143912#3_0,0
11.0,42143912#4_0,0
11.0,40668087#1_0,3
11.0,49217102_0,3
12.0,337277951#3_0,0
12.0,337277951#3_1,0
12.0,337277951#1_0,0
12.0,337277951#1_0,0
12.0,337277951#4_0,0
12.0,337277951#4_1,0
12.0,337277951#2_0,0
12.0,337277951#2_1,0
12.0,49217102_0,3
12.0,42143912#5_0,2
12.0,42143912#3_0,0
12.0,42143912#4_0,0
12.0,40668087#1_0,3
12.0,49217102_0,3
13.0,337277951#3_0,0
13.0,337277951#3_1,0
13.0,337277951#1_0,0
13.0,337277951#1_0,0
13.0,337277951#4_0,0
13.0,337277951#4_1,0
13.0,337277951#2_0,0
13.0,337277951#2_1,0
13.0,49217102_0,4
13.0,42143912#5_0,3
13.0,42143912#3_0,0
13.0,42143912#4_0,0
13.0,40668087#1_0,4
13.0,49217102_0,4
14.0,337277951#3_0,0
14.0,337277951#3_1,0
14.0,337277951#1_0,0
14.0,337277951#1_0,0
14.0,337277951#4_0,0
14.0,337277951#4_1,0
14.0,337277951#2_0,0
14.0,337277951#2_1,0
14.0,49217102_0,4
14.0,42143912#5_0,2
14.0,42143912#3_0,0
14.0,42143912#4_0,0
14.0,40668087#1_0,4
14.0,49217102_0,4
15.0,337277951#3_0,0
15.0,337277951#3_1,0
15.0,337277951#1_0,0
15.0,337277951#1_0,0
15.0,337277951#4_0,0
15.0,337277951#4_1,0
15.0,337277951#2_0,0
15.0,337277951#2_1,0
15.0,49217102_0,4
15.0,42143912#5_0,2
15.0,42143912#3_0,0
15.0,42143912#4_0,0
15.0,40668087#1_0,4
15.0,49217102_0,4
16.0,337277951#3_0,0
16.0,337277951#3_1,0
16.0,337277951#1_0,0
16.0,337277951#1_0,0
16.0,337277951#4_0,0
16.0,337277951#4_1,0
16.0,337277951#2_0,0
16.0,337277951#2_1,0
16.0,49217102_0,4
16.0,42143912#5_0,2
16.0,42143912#3_0,0
16.0,42143912#4_0,0
16.0,40668087#1_0,4
16.0,49217102_0,4
17.0,337277951#3_0,0
17.0,337277951#3_1,0
17.0,337277951#1_0,0
17.0,337277951#1_0,0
17.0,337277951#4_0,0
17.0,337277951#4_1,0
17.0,337277951#2_0,0
17.0,337277951#2_1,0
17.0,49217102_0,5
17.0,42143912#5_0,2
17.0,42143912#3_0,0
17.0,42143912#4_0,0
17.0,40668087#1_0,4
17.0,49217102_0,5
18.0,337277951#3_0,0
18.0,337277951#3_1,0
18.0,337277951#1_0,0
18.0,337277951#1_0,0
18.0,337277951#4_0,0
18.0,337277951#4_1,0
18.0,337277951#2_0,0
18.0,337277951#2_1,0
18.0,49217102_0,5
18.0,42143912#5_0,2
18.0,42143912#3_0,0
18.0,42143912#4_0,0
18.0,40668087#1_0,4
18.0,49217102_0,5
19.0,337277951#3_0,0
19.0,337277951#3_1,0
19.0,337277951#1_0,0
19.0,337277951#1_0,0
19.0,337277951#4_0,0
19.0,337277951#4_1,0
19.0,337277951#2_0,0
19.0,337277951#2_1,0
19.0,49217102_0,5
19.0,42143912#5_0,1
19.0,42143912#3_0,0
19.0,42143912#4_0,0
19.0,40668087#1_0,4
19.0,49217102_0,5
20.0,337277951#3_0,0
20.0,337277951#3_1,0
20.0,337277951#1_0,0
20.0,337277951#1_0,0
20.0,337277951#4_0,0
20.0,337277951#4_1,0
20.0,337277951#2_0,0
20.0,337277951#2_1,0
20.0,49217102_0,5
20.0,42143912#5_0,1
20.0,42143912#3_0,0
20.0,42143912#4_0,0
20.0,40668087#1_0,4
20.0,49217102_0,5
21.0,337277951#3_0,0
21.0,337277951#3_1,0
21.0,337277951#1_0,0
21.0,337277951#1_0,0
21.0,337277951#4_0,0
21.0,337277951#4_1,0
21.0,337277951#2_0,0
21.0,337277951#2_1,0
21.0,49217102_0,4
21.0,42143912#5_0,1
21.0,42143912#3_0,0
21.0,42143912#4_0,0
21.0,40668087#1_0,4
21.0,49217102_0,4
22.0,337277951#3_0,0
22.0,337277951#3_1,0
22.0,337277951#1_0,0
22.0,337277951#1_0,0
22.0,337277951#4_0,0
22.0,337277951#4_1,0
22.0,337277951#2_0,0
22.0,337277951#2_1,0
22.0,49217102_0,4
22.0,42143912#5_0,0
22.0,42143912#3_0,0
22.0,42143912#4_0,0
22.0,40668087#1_0,4
22.0,49217102_0,4
23.0,337277951#3_0,0
23.0,337277951#3_1,0
23.0,337277951#1_0,0
23.0,337277951#1_0,0
23.0,337277951#4_0,0
23.0,337277951#4_1,0
23.0,337277951#2_0,0
23.0,337277951#2_1,0
23.0,49217102_0,3
23.0,42143912#5_0,0
23.0,42143912#3_0,0
23.0,42143912#4_0,0
23.0,40668087#1_0,4
23.0,49217102_0,3
24.0,337277951#3_0,0
24.0,337277951#3_1,0
24.0,337277951#1_0,1
24.0,337277951#1_0,1
24.0,337277951#4_0,0
24.0,337277951#4_1,0
24.0,337277951#2_0,0
24.0,337277951#2_1,0
24.0,49217102_0,3
24.0,42143912#5_0,0
24.0,42143912#3_0,0
24.0,42143912#4_0,0
24.0,40668087#1_0,4
24.0,49217102_0,3
25.0,337277951#3_0,0
25.0,337277951#3_1,0
25.0,337277951#1_0,1
25.0,337277951#1_0,1
25.0,337277951#4_0,0
25.0,337277951#4_1,0
25.0,337277951#2_0,0
25.0,337277951#2_1,0
25.0,49217102_0,3
25.0,42143912#5_0,0
25.0,42143912#3_0,0
25.0,42143912#4_0,0
25.0,40668087#1_0,5
25.0,49217102_0,3
26.0,337277951#3_0,0
26.0,337277951#3_1,0
26.0,337277951#1_0,2
26.0,337277951#1_0,2
26.0,337277951#4_0,0
26.0,337277951#4_1,0
26.0,337277951#2_0,0
26.0,337277951#2_1,0
26.0,49217102_0,2
26.0,42143912#5_0,0
26.0,42143912#3_0,0
26.0,42143912#4_0,0
26.0,40668087#1_0,4
26.0,49217102_0,2
27.0,337277951#3_0,0
27.0,337277951#3_1,0
27.0,337277951#1_0,2
27.0,337277951#1_0,2
27.0,337277951#4_0,0
27.0,337277951#4_1,0
27.0,337277951#2_0,0
27.0,337277951#2_1,0
27.0,49217102_0,2
27.0,42143912#5_0,0
27.0,42143912#3_0,0
27.0,42143912#4_0,0
27.0,40668087#1_0,4
27.0,49217102_0,2
28.0,337277951#3_0,0
28.0,337277951#3_1,0
28.0,337277951#1_0,2
28.0,337277951#1_0,2
28.0,337277951#4_0,0
28.0,337277951#4_1,0
28.0,337277951#2_0,0
28.0,337277951#2_1,0
28.0,49217102_0,2
28.0,42143912#5_0,0
28.0,42143912#3_0,0
28.0,42143912#4_0,0
28.0,40668087#1_0,4
28.0,49217102_0,2
29.0,337277951#3_0,0
29.0,337277951#3_1,0
29.0,337277951#1_0,2
29.0,337277951#1_0,2
29.0,337277951#4_0,0
29.0,337277951#4_1,0
29.0,337277951#2_0,0
29.0,337277951#2_1,0
29.0,49217102_0,2
29.0,42143912#5_0,0
29.0,42143912#3_0,0
29.0,42143912#4_0,0
29.0,40668087#1_0,4
29.0,49217102_0,2
30.0,337277951#3_0,0
30.0,337277951#3_1,0
30.0,337277951#1_0,1
30.0,337277951#1_0,1
30.0,337277951#4_0,0
30.0,337277951#4_1,0
30.0,337277951#2_0,0
30.0,337277951#2_1,0
30.0,49217102_0,1
30.0,42143912#5_0,0
30.0,42143912#3_0,0
30.0,42143912#4_0,0
30.0,40668087#1_0,3
30.0,49217102_0,1
31.0,337277951#3_0,0
31.0,337277951#3_1,0
31.0,337277951#1_0,1
31.0,337277951#1_0,1
31.0,337277951#4_0,0
31.0,337277951#4_1,0
31.0,337277951#2_0,0
31.0,337277951#2_1,0
31.0,49217102_0,1
31.0,42143912#5_0,0
31.0,42143912#3_0,0
31.0,42143912#4_0,0
31.0,40668087#1_0,3
31.0,49217102_0,1
32.0,337277951#3_0,1
32.0,337277951#3_1,0
32.0,337277951#1_0,0
32.0,337277951#1_0,0
32.0,337277951#4_0,0
32.0,337277951#4_1,0
32.0,337277951#2_0,0
32.0,337277951#2_1,0
32.0,49217102_0,1
32.0,42143912#5_0,0
32.0,42143912#3_0,0
32.0,42143912#4_0,0
32.0,40668087#1_0,3
32.0,49217102_0,1
33.0,337277951#3_0,1
33.0,337277951#3_1,1
33.0,337277951#1_0,0
33.0,337277951#1_0,0
33.0,337277951#4_0,0
33.0,337277951#4_1,0
33.0,337277951#2_0,0
33.0,337277951#2_1,0
33.0,49217102_0,1
33.0,42143912#5_0,0
33.0,42143912#3_0,0
33.0,42143912#4_0,0
33.0,40668087#1_0,3
33.0,49217102_0,1
34.0,337277951#3_0,2
34.0,337277951#3_1,1
34.0,337277951#1_0,0
34.0,337277951#1_0,0
34.0,337277951#4_0,0
34.0,337277951#4_1,0
34.0,337277951#2_0,0
34.0,337277951#2_1,0
34.0,49217102_0,1
34.0,42143912#5_0,0
34.0,42143912#3_0,0
34.0,42143912#4_0,0
34.0,40668087#1_0,3
34.0,49217102_0,1
35.0,337277951#3_0,2
35.0,337277951#3_1,1
35.0,337277951#1_0,0
35.0,337277951#1_0,0
35.0,337277951#4_0,0
35.0,337277951#4_1,0
35.0,337277951#2_0,0
35.0,337277951#2_1,0
35.0,49217102_0,0
35.0,42143912#5_0,0
35.0,42143912#3_0,0
35.0,42143912#4_0,0
35.0,40668087#1_0,2
35.0,49217102_0,0
36.0,337277951#3_0,2
36.0,337277951#3_1,0
36.0,337277951#1_0,0
36.0,337277951#1_0,0
36.0,337277951#4_0,0
36.0,337277951#4_1,0
36.0,337277951#2_0,0
36.0,337277951#2_1,0
36.0,49217102_0,0
36.0,42143912#5_0,0
36.0,42143912#3_0,0
36.0,42143912#4_0,0
36.0,40668087#1_0,2
36.0,49217102_0,0
37.0,337277951#3_0,2
37.0,337277951#3_1,1
37.0,337277951#1_0,0
37.0,337277951#1_0,0
37.0,337277951#4_0,0
37.0,337277951#4_1,0
37.0,337277951#2_0,0
37.0,337277951#2_1,0
37.0,49217102_0,0
37.0,42143912#5_0,0
37.0,42143912#3_0,0
37.0,42143912#4_0,0
37.0,40668087#1_0,1
37.0,49217102_0,0
38.0,337277951#3_0,1
38.0,337277951#3_1,1
38.0,337277951#1_0,0
38.0,337277951#1_0,0
38.0,337277951#4_0,0
38.0,337277951#4_1,0
38.0,337277951#2_0,0
38.0,337277951#2_1,0
38.0,49217102_0,0
38.0,42143912#5_0,0
38.0,42143912#3_0,0
38.0,42143912#4_0,0
38.0,40668087#1_0,1
38.0,49217102_0,0
39.0,337277951#3_0,1
39.0,337277951#3_1,1
39.0,337277951#1_0,0
39.0,337277951#1_0,0
39.0,337277951#4_0,0
39.0,337277951#4_1,0
39.0,337277951#2_0,0
39.0,337277951#2_1,0
39.0,49217102_0,0
39.0,42143912#5_0,0
39.0,42143912#3_0,0
39.0,42143912#4_0,0
39.0,40668087#1_0,1
39.0,49217102_0,0
40.0,337277951#3_0,0
40.0,337277951#3_1,1
40.0,337277951#1_0,0
40.0,337277951#1_0,0
40.0,337277951#4_0,1
40.0,337277951#4_1,0
40.0,337277951#2_0,0
40.0,337277951#2_1,0
40.0,49217102_0,0
40.0,42143912#5_0,0
40.0,42143912#3_0,0
40.0,42143912#4_0,0
40.0,40668087#1_0,1
40.0,49217102_0,0
41.0,337277951#3_0,0
41.0,337277951#3_1,0
41.0,337277951#1_0,0
41.0,337277951#1_0,0
41.0,337277951#4_0,0
41.0,337277951#4_1,1
41.0,337277951#2_0,0
41.0,337277951#2_1,0
41.0,49217102_0,0
41.0,42143912#5_0,0
41.0,42143912#3_0,0
41.0,42143912#4_0,0
41.0,40668087#1_0,1
41.0,49217102_0,0
42.0,337277951#3_0,0
42.0,337277951#3_1,0
42.0,337277951#1_0,0
42.0,337277951#1_0,0
42.0,337277951#4_0,0
42.0,337277951#4_1,0
42.0,337277951#2_0,0
42.0,337277951#2_1,0
42.0,49217102_0,0
42.0,42143912#5_0,0
42.0,42143912#3_0,0
42.0,42143912#4_0,0
42.0,40668087#1_0,0
42.0,49217102_0,0
46.0,567060342#1_0,3
46.0,567060342#0_0,0
46.0,337277973#1_0,0
46.0,337277973#1_1,2
46.0,337277973#0_1,0
46.0,337277973#0_0,0
46.0,567060342#1_0,3
46.0,567060342#0_0,0
46.0,337277981#1_1,0
46.0,337277981#1_0,0
46.0,337277981#2_1,2
46.0,337277981#2_0,0
46.0,42143912#5_0,0
46.0,42143912#3_0,0
46.0,42143912#4_0,0
46.0,337277970#1_0,2
46.0,337277970#1_1,4
46.0,40668087#1_0,0
47.0,567060342#1_0,2
47.0,567060342#0_0,0
47.0,337277973#1_0,0
47.0,337277973#1_1,1
47.0,337277973#0_1,0
47.0,337277973#0_0,0
47.0,567060342#1_0,2
47.0,567060342#0_0,0
47.0,337277981#1_1,0
47.0,337277981#1_0,0
47.0,337277981#2_1,2
47.0,337277981#2_0,0
47.0,42143912#5_0,0
47.0,42143912#3_0,0
47.0,42143912#4_0,0
47.0,337277970#1_0,1
47.0,337277970#1_1,3
47.0,40668087#1_0,0
48.0,567060342#1_0,2
48.0,567060342#0_0,0
48.0,337277973#1_0,0
48.0,337277973#1_1,1
48.0,337277973#0_1,0
48.0,337277973#0_0,0
48.0,567060342#1_0,2
48.0,567060342#0_0,0
48.0,337277981#1_1,0
48.0,337277981#1_0,0
48.0,337277981#2_1,2
48.0,337277981#2_0,0
48.0,42143912#5_0,0
48.0,42143912#3_0,0
48.0,42143912#4_0,0
48.0,337277970#1_0,1
48.0,337277970#1_1,3
48.0,40668087#1_0,0
49.0,567060342#1_0,2
49.0,567060342#0_0,0
49.0,337277973#1_0,0
49.0,337277973#1_1,1
49.0,337277973#0_1,0
49.0,337277973#0_0,0
49.0,567060342#1_0,2
49.0,567060342#0_0,0
49.0,337277981#1_1,0
49.0,337277981#1_0,0
49.0,337277981#2_1,2
49.0,337277981#2_0,0
49.0,42143912#5_0,0
49.0,42143912#3_0,0
49.0,42143912#4_0,0
49.0,337277970#1_0,1
49.0,337277970#1_1,3
49.0,40668087#1_0,0
50.0,567060342#1_0,2
50.0,567060342#0_0,0
50.0,337277973#1_0,0
50.0,337277973#1_1,1
50.0,337277973#0_1,0
50.0,337277973#0_0,0
50.0,567060342#1_0,2
50.0,567060342#0_0,0
50.0,337277981#1_1,0
50.0,337277981#1_0,0
50.0,337277981#2_1,2
50.0,337277981#2_0,0
50.0,42143912#5_0,0
50.0,42143912#3_0,0
50.0,42143912#4_0,0
50.0,337277970#1_0,1
50.0,337277970#1_1,3
50.0,40668087#1_0,0
51.0,567060342#1_0,1
51.0,567060342#0_0,0
51.0,337277973#1_0,0
51.0,337277973#1_1,1
51.0,337277973#0_1,0
51.0,337277973#0_0,0
51.0,567060342#1_0,1
51.0,567060342#0_0,0
51.0,337277981#1_1,0
51.0,337277981#1_0,0
51.0,337277981#2_1,1
51.0,337277981#2_0,0
51.0,42143912#5_0,0
51.0,42143912#3_0,0
51.0,42143912#4_0,0
51.0,337277970#1_0,0
51.0,337277970#1_1,3
51.0,40668087#1_0,0
52.0,567060342#1_0,1
52.0,567060342#0_0,0
52.0,337277973#1_0,1
52.0,337277973#1_1,0
52.0,337277973#0_1,0
52.0,337277973#0_0,0
52.0,567060342#1_0,1
52.0,567060342#0_0,0
52.0,337277981#1_1,0
52.0,337277981#1_0,0
52.0,337277981#2_1,1
52.0,337277981#2_0,0
52.0,42143912#5_0,0
52.0,42143912#3_0,0
52.0,42143912#4_0,0
52.0,337277970#1_0,0
52.0,337277970#1_1,3
52.0,40668087#1_0,0
53.0,567060342#1_0,1
53.0,567060342#0_0,0
53.0,337277973#1_0,1
53.0,337277973#1_1,0
53.0,337277973#0_1,0
53.0,337277973#0_0,0
53.0,567060342#1_0,1
53.0,567060342#0_0,0
53.0,337277981#1_1,0
53.0,337277981#1_0,0
53.0,337277981#2_1,1
53.0,337277981#2_0,0
53.0,42143912#5_0,0
53.0,42143912#3_0,0
53.0,42143912#4_0,0
53.0,337277970#1_0,0
53.0,337277970#1_1,2
53.0,40668087#1_0,0
54.0,567060342#1_0,0
54.0,567060342#0_0,0
54.0,337277973#1_0,1
54.0,337277973#1_1,1
54.0,337277973#0_1,0
54.0,337277973#0_0,0
54.0,567060342#1_0,0
54.0,567060342#0_0,0
54.0,337277981#1_1,0
54.0,337277981#1_0,0
54.0,337277981#2_1,0
54.0,337277981#2_0,0
54.0,42143912#5_0,0
54.0,42143912#3_0,0
54.0,42143912#4_0,0
54.0,337277970#1_0,0
54.0,337277970#1_1,3
54.0,40668087#1_0,0
55.0,567060342#1_0,0
55.0,567060342#0_0,0
55.0,337277973#1_0,1
55.0,337277973#1_1,1
55.0,337277973#0_1,0
55.0,337277973#0_0,0
55.0,567060342#1_0,0
55.0,567060342#0_0,0
55.0,337277981#1_1,0
55.0,337277981#1_0,0
55.0,337277981#2_1,0
55.0,337277981#2_0,0
55.0,42143912#5_0,0
55.0,42143912#3_0,0
55.0,42143912#4_0,0
55.0,337277970#1_0,0
55.0,337277970#1_1,3
55.0,40668087#1_0,0
56.0,567060342#1_0,0
56.0,567060342#0_0,0
56.0,337277973#1_0,1
56.0,337277973#1_1,1
56.0,337277973#0_1,1
56.0,337277973#0_0,0
56.0,567060342#1_0,0
56.0,567060342#0_0,0
56.0,337277981#1_1,0
56.0,337277981#1_0,0
56.0,337277981#2_1,0
56.0,337277981#2_0,0
56.0,42143912#5_0,0
56.0,42143912#3_0,0
56.0,42143912#4_0,0
56.0,337277970#1_0,0
56.0,337277970#1_1,3
56.0,40668087#1_0,0
57.0,567060342#1_0,0
57.0,567060342#0_0,0
57.0,337277973#1_0,1
57.0,337277973#1_1,2
57.0,337277973#0_1,0
57.0,337277973#0_0,0
57.0,567060342#1_0,0
57.0,567060342#0_0,0
57.0,337277981#1_1,0
57.0,337277981#1_0,0
57.0,337277981#2_1,0
57.0,337277981#2_0,0
57.0,42143912#5_0,0
57.0,42143912#3_0,0
57.0,42143912#4_0,0
57.0,337277970#1_0,0
57.0,337277970#1_1,3
57.0,40668087#1_0,0
58.0,567060342#1_0,0
58.0,567060342#0_0,0
58.0,337277973#1_0,1
58.0,337277973#1_1,2
58.0,337277973#0_1,0
58.0,337277973#0_0,0
58.0,567060342#1_0,0
58.0,567060342#0_0,0
58.0,337277981#1_1,0
58.0,337277981#1_0,0
58.0,337277981#2_1,0
58.0,337277981#2_0,0
58.0,42143912#5_0,0
58.0,42143912#3_0,0
58.0,42143912#4_0,0
58.0,337277970#1_0,0
58.0,337277970#1_1,3
58.0,40668087#1_0,0
59.0,567060342#1_0,0
59.0,567060342#0_0,0
59.0,337277973#1_0,1
59.0,337277973#1_1,2
59.0,337277973#0_1,0
59.0,337277973#0_0,0
59.0,567060342#1_0,0
59.0,567060342#0_0,0
59.0,337277981#1_1,0
59.0,337277981#1_0,0
59.0,337277981#2_1,0
59.0,337277981#2_0,0
59.0,42143912#5_0,0
59.0,42143912#3_0,0
59.0,42143912#4_0,0
59.0,337277970#1_0,0
59.0,337277970#1_1,3
59.0,40668087#1_0,0
60.0,567060342#1_0,0
60.0,567060342#0_0,0
60.0,337277973#1_0,1
60.0,337277973#1_1,2
60.0,337277973#0_1,0
60.0,337277973#0_0,0
60.0,567060342#1_0,0
60.0,567060342#0_0,0
60.0,337277981#1_1,0
60.0,337277981#1_0,0
60.0,337277981#2_1,0
60.0,337277981#2_0,0
60.0,42143912#5_0,0
60.0,42143912#3_0,0
60.0,42143912#4_0,0
60.0,337277970#1_0,1
60.0,337277970#1_1,2
60.0,40668087#1_0,0
61.0,567060342#1_0,0
61.0,567060342#0_0,0
61.0,337277973#1_0,0
61.0,337277973#1_1,2
61.0,337277973#0_1,0
61.0,337277973#0_0,0
61.0,567060342#1_0,0
61.0,567060342#0_0,0
61.0,337277981#1_1,0
61.0,337277981#1_0,0
61.0,337277981#2_1,0
61.0,337277981#2_0,0
61.0,42143912#5_0,0
61.0,42143912#3_0,0
61.0,42143912#4_0,0
61.0,337277970#1_0,0
61.0,337277970#1_1,2
61.0,40668087#1_0,0
62.0,567060342#1_0,0
62.0,567060342#0_0,0
62.0,337277973#1_0,0
62.0,337277973#1_1,2
62.0,337277973#0_1,0
62.0,337277973#0_0,0
62.0,567060342#1_0,0
62.0,567060342#0_0,0
62.0,337277981#1_1,0
62.0,337277981#1_0,0
62.0,337277981#2_1,0
62.0,337277981#2_0,0
62.0,42143912#5_0,0
62.0,42143912#3_0,0
62.0,42143912#4_0,0
62.0,337277970#1_0,0
62.0,337277970#1_1,2
62.0,40668087#1_0,0
63.0,567060342#1_0,0
63.0,567060342#0_0,0
63.0,337277973#1_0,0
63.0,337277973#1_1,2
63.0,337277973#0_1,0
63.0,337277973#0_0,0
63.0,567060342#1_0,0
63.0,567060342#0_0,0
63.0,337277981#1_1,0
63.0,337277981#1_0,0
63.0,337277981#2_1,0
63.0,337277981#2_0,0
63.0,42143912#5_0,0
63.0,42143912#3_0,0
63.0,42143912#4_0,0
63.0,337277970#1_0,0
63.0,337277970#1_1,2
63.0,40668087#1_0,0
64.0,567060342#1_0,0
64.0,567060342#0_0,0
64.0,337277973#1_0,0
64.0,337277973#1_1,2
64.0,337277973#0_1,0
64.0,337277973#0_0,0
64.0,567060342#1_0,0
64.0,567060342#0_0,0
64.0,337277981#1_1,0
64.0,337277981#1_0,0
64.0,337277981#2_1,0
64.0,337277981#2_0,0
64.0,42143912#5_0,0
64.0,42143912#3_0,0
64.0,42143912#4_0,0
64.0,337277970#1_0,0
64.0,337277970#1_1,1
64.0,40668087#1_0,0
65.0,567060342#1_0,0
65.0,567060342#0_0,0
65.0,337277973#1_0,0
65.0,337277973#1_1,2
65.0,337277973#0_1,0
65.0,337277973#0_0,0
65.0,567060342#1_0,0
65.0,567060342#0_0,0
65.0,337277981#1_1,0
65.0,337277981#1_0,0
65.0,337277981#2_1,0
65.0,337277981#2_0,0
65.0,42143912#5_0,0
65.0,42143912#3_0,0
65.0,42143912#4_0,0
65.0,337277970#1_0,0
65.0,337277970#1_1,1
65.0,40668087#1_0,0
66.0,567060342#1_0,0
66.0,567060342#0_0,0
66.0,337277973#1_0,0
66.0,337277973#1_1,2
66.0,337277973#0_1,0
66.0,337277973#0_0,0
66.0,567060342#1_0,0
66.0,567060342#0_0,0
66.0,337277981#1_1,0
66.0,337277981#1_0,0
66.0,337277981#2_1,0
66.0,337277981#2_0,0
66.0,42143912#5_0,0
66.0,42143912#3_0,0
66.0,42143912#4_0,0
66.0,337277970#1_0,0
66.0,337277970#1_1,0
66.0,40668087#1_0,0
67.0,567060342#1_0,0
67.0,567060342#0_0,0
67.0,337277973#1_0,0
67.0,337277973#1_1,2
67.0,337277973#0_1,0
67.0,337277973#0_0,0
67.0,567060342#1_0,0
67.0,567060342#0_0,0
67.0,337277981#1_1,0
67.0,337277981#1_0,0
67.0,337277981#2_1,0
67.0,337277981#2_0,0
67.0,42143912#5_0,0
67.0,42143912#3_0,0
67.0,42143912#4_0,0
67.0,337277970#1_0,0
67.0,337277970#1_1,0
67.0,40668087#1_0,0
68.0,567060342#1_0,0
68.0,567060342#0_0,0
68.0,337277973#1_0,0
68.0,337277973#1_1,1
68.0,337277973#0_1,0
68.0,337277973#0_0,0
68.0,567060342#1_0,0
68.0,567060342#0_0,0
68.0,337277981#1_1,0
68.0,337277981#1_0,0
68.0,337277981#2_1,0
68.0,337277981#2_0,0
68.0,42143912#5_0,0
68.0,42143912#3_0,0
68.0,42143912#4_0,0
68.0,337277970#1_0,0
68.0,337277970#1_1,0
68.0,40668087#1_0,0
69.0,567060342#1_0,0
69.0,567060342#0_0,0
69.0,337277973#1_0,0
69.0,337277973#1_1,1
69.0,337277973#0_1,0
69.0,337277973#0_0,0
69.0,567060342#1_0,0
69.0,567060342#0_0,0
69.0,337277981#1_1,0
69.0,337277981#1_0,0
69.0,337277981#2_1,0
69.0,337277981#2_0,0
69.0,42143912#5_0,0
69.0,42143912#3_0,0
69.0,42143912#4_0,0
69.0,337277970#1_0,0
69.0,337277970#1_1,0
69.0,40668087#1_0,0
70.0,567060342#1_0,0
70.0,567060342#0_0,0
70.0,337277973#1_0,0
70.0,337277973#1_1,0
70.0,337277973#0_1,0
70.0,337277973#0_0,0
70.0,567060342#1_0,0
70.0,567060342#0_0,0
70.0,337277981#1_1,1
70.0,337277981#1_0,0
70.0,337277981#2_1,0
70.0,337277981#2_0,0
70.0,42143912#5_0,0
70.0,42143912#3_0,0
70.0,42143912#4_0,0
70.0,337277970#1_0,0
70.0,337277970#1_1,0
70.0,40668087#1_0,0
71.0,567060342#1_0,0
71.0,567060342#0_0,0
71.0,337277973#1_0,0
71.0,337277973#1_1,0
71.0,337277973#0_1,0
71.0,337277973#0_0,0
71.0,567060342#1_0,0
71.0,567060342#0_0,0
71.0,337277981#1_1,1
71.0,337277981#1_0,0
71.0,337277981#2_1,0
71.0,337277981#2_0,0
71.0,42143912#5_0,0
71.0,42143912#3_0,0
71.0,42143912#4_0,0
71.0,337277970#1_0,0
71.0,337277970#1_1,0
71.0,40668087#1_0,0
72.0,567060342#1_0,0
72.0,567060342#0_0,0
72.0,337277973#1_0,0
72.0,337277973#1_1,0
72.0,337277973#0_1,0
72.0,337277973#0_0,0
72.0,567060342#1_0,0
72.0,567060342#0_0,0
72.0,337277981#1_1,1
72.0,337277981#1_0,1
72.0,337277981#2_1,0
72.0,337277981#2_0,0
72.0,42143912#5_0,0
72.0,42143912#3_0,0
72.0,42143912#4_0,0
72.0,337277970#1_0,0
72.0,337277970#1_1,0
72.0,40668087#1_0,0
73.0,567060342#1_0,0
73.0,567060342#0_0,0
73.0,337277973#1_0,0
73.0,337277973#1_1,0
73.0,337277973#0_1,0
73.0,337277973#0_0,0
73.0,567060342#1_0,0
73.0,567060342#0_0,0
73.0,337277981#1_1,1
73.0,337277981#1_0,1
73.0,337277981#2_1,0
73.0,337277981#2_0,0
73.0,42143912#5_0,0
73.0,42143912#3_0,0
73.0,42143912#4_0,0
73.0,337277970#1_0,0
73.0,337277970#1_1,0
73.0,40668087#1_0,0
74.0,567060342#1_0,0
74.0,567060342#0_0,0
74.0,337277973#1_0,0
74.0,337277973#1_1,0
74.0,337277973#0_1,0
74.0,337277973#0_0,0
74.0,567060342#1_0,0
74.0,567060342#0_0,0
74.0,337277981#1_1,1
74.0,337277981#1_0,1
74.0,337277981#2_1,0
74.0,337277981#2_0,0
74.0,42143912#5_0,0
74.0,42143912#3_0,0
74.0,42143912#4_0,0
74.0,337277970#1_0,0
74.0,337277970#1_1,0
74.0,40668087#1_0,0
75.0,567060342#1_0,0
75.0,567060342#0_0,0
75.0,337277973#1_0,0
75.0,337277973#1_1,0
75.0,337277973#0_1,0
75.0,337277973#0_0,0
75.0,567060342#1_0,0
75.0,567060342#0_0,0
75.0,337277981#1_1,1
75.0,337277981#1_0,1
75.0,337277981#2_1,0
75.0,337277981#2_0,0
75.0,42143912#5_0,0
75.0,42143912#3_0,0
75.0,42143912#4_0,0
75.0,337277970#1_0,0
75.0,337277970#1_1,0
75.0,40668087#1_0,0
76.0,567060342#1_0,0
76.0,567060342#0_0,0
76.0,337277973#1_0,0
76.0,337277973#1_1,0
76.0,337277973#0_1,0
76.0,337277973#0_0,0
76.0,567060342#1_0,0
76.0,567060342#0_0,0
76.0,337277981#1_1,1
76.0,337277981#1_0,1
76.0,337277981#2_1,0
76.0,337277981#2_0,0
76.0,42143912#5_0,0
76.0,42143912#3_0,0
76.0,42143912#4_0,0
76.0,337277970#1_0,0
76.0,337277970#1_1,0
76.0,40668087#1_0,0
77.0,567060342#1_0,0
77.0,567060342#0_0,0
77.0,337277973#1_0,0
77.0,337277973#1_1,0
77.0,337277973#0_1,0
77.0,337277973#0_0,0
77.0,567060342#1_0,0
77.0,567060342#0_0,0
77.0,337277981#1_1,1
77.0,337277981#1_0,1
77.0,337277981#2_1,0
77.0,337277981#2_0,0
77.0,42143912#5_0,0
77.0,42143912#3_0,0
77.0,42143912#4_0,0
77.0,337277970#1_0,0
77.0,337277970#1_1,0
77.0,40668087#1_0,0
78.0,567060342#1_0,0
78.0,567060342#0_0,0
78.0,337277973#1_0,0
78.0,337277973#1_1,0
78.0,337277973#0_1,0
78.0,337277973#0_0,0
78.0,567060342#1_0,0
78.0,567060342#0_0,0
78.0,337277981#1_1,0
78.0,337277981#1_0,0
78.0,337277981#2_1,0
78.0,337277981#2_0,0
78.0,42143912#5_0,0
78.0,42143912#3_0,0
78.0,42143912#4_0,0
78.0,337277970#1_0,0
78.0,337277970#1_1,0
78.0,40668087#1_0,0
79.0,567060342#1_0,0
79.0,567060342#0_0,0
79.0,337277973#1_0,0
79.0,337277973#1_1,0
79.0,337277973#0_1,0
79.0,337277973#0_0,0
79.0,567060342#1_0,0
79.0,567060342#0_0,0
79.0,337277981#1_1,0
79.0,337277981#1_0,0
79.0,337277981#2_1,1
79.0,337277981#2_0,1
79.0,42143912#5_0,0
79.0,42143912#3_0,0
79.0,42143912#4_0,0
79.0,337277970#1_0,0
79.0,337277970#1_1,0
79.0,40668087#1_0,0
80.0,567060342#1_0,0
80.0,567060342#0_0,0
80.0,337277973#1_0,0
80.0,337277973#1_1,0
80.0,337277973#0_1,0
80.0,337277973#0_0,0
80.0,567060342#1_0,0
80.0,567060342#0_0,0
80.0,337277981#1_1,0
80.0,337277981#1_0,0
80.0,337277981#2_1,1
80.0,337277981#2_0,1
80.0,42143912#5_0,0
80.0,42143912#3_0,0
80.0,42143912#4_0,0
80.0,337277970#1_0,0
80.0,337277970#1_1,0
80.0,40668087#1_0,0
81.0,567060342#1_0,0
81.0,567060342#0_0,0
81.0,337277973#1_0,0
81.0,337277973#1_1,0
81.0,337277973#0_1,0
81.0,337277973#0_0,0
81.0,567060342#1_0,0
81.0,567060342#0_0,0
81.0,337277981#1_1,0
81.0,337277981#1_0,0
81.0,337277981#2_1,1
81.0,337277981#2_0,1
81.0,42143912#5_0,0
81.0,42143912#3_0,0
81.0,42143912#4_0,0
81.0,337277970#1_0,0
81.0,337277970#1_1,0
81.0,40668087#1_0,0
82.0,567060342#1_0,0
82.0,567060342#0_0,0
82.0,337277973#1_0,0
82.0,337277973#1_1,0
82.0,337277973#0_1,0
82.0,337277973#0_0,0
82.0,567060342#1_0,0
82.0,567060342#0_0,0
82.0,337277981#1_1,0
82.0,337277981#1_0,0
82.0,337277981#2_1,1
82.0,337277981#2_0,1
82.0,42143912#5_0,0
82.0,42143912#3_0,0
82.0,42143912#4_0,0
82.0,337277970#1_0,0
82.0,337277970#1_1,0
82.0,40668087#1_0,0
83.0,567060342#1_0,0
83.0,567060342#0_0,0
83.0,337277973#1_0,0
83.0,337277973#1_1,0
83.0,337277973#0_1,0
83.0,337277973#0_0,0
83.0,567060342#1_0,0
83.0,567060342#0_0,0
83.0,337277981#1_1,0
83.0,337277981#1_0,0
83.0,337277981#2_1,0
83.0,337277981#2_0,1
83.0,42143912#5_0,0
83.0,42143912#3_0,0
83.0,42143912#4_0,0
83.0,337277970#1_0,0
83.0,337277970#1_1,0
83.0,40668087#1_0,0
84.0,567060342#1_0,0
84.0,567060342#0_0,0
84.0,337277973#1_0,0
84.0,337277973#1_1,0
84.0,337277973#0_1,0
84.0,337277973#0_0,0
84.0,567060342#1_0,0
84.0,567060342#0_0,0
84.0,337277981#1_1,0
84.0,337277981#1_0,0
84.0,337277981#2_1,0
84.0,337277981#2_0,1
84.0,42143912#5_0,0
84.0,42143912#3_0,0
84.0,42143912#4_0,0
84.0,337277970#1_0,0
84.0,337277970#1_1,0
84.0,40668087#1_0,0
85.0,567060342#1_0,0
85.0,567060342#0_0,0
85.0,337277973#1_0,0
85.0,337277973#1_1,0
85.0,337277973#0_1,0
85.0,337277973#0_0,0
85.0,567060342#1_0,0
85.0,567060342#0_0,0
85.0,337277981#1_1,0
85.0,337277981#1_0,0
85.0,337277981#2_1,0
85.0,337277981#2_0,1
85.0,42143912#5_0,0
85.0,42143912#3_0,0
85.0,42143912#4_0,0
85.0,337277970#1_0,0
85.0,337277970#1_1,1
85.0,40668087#1_0,0
86.0,567060342#1_0,0
86.0,567060342#0_0,0
86.0,337277973#1_0,0
86.0,337277973#1_1,0
86.0,337277973#0_1,0
86.0,337277973#0_0,0
86.0,567060342#1_0,0
86.0,567060342#0_0,0
86.0,337277981#1_1,0
86.0,337277981#1_0,0
86.0,337277981#2_1,0
86.0,337277981#2_0,0
86.0,42143912#5_0,0
86.0,42143912#3_0,0
86.0,42143912#4_0,0
86.0,337277970#1_0,0
86.0,337277970#1_1,1
86.0,40668087#1_0,0
87.0,567060342#1_0,0
87.0,567060342#0_0,0
87.0,337277973#1_0,0
87.0,337277973#1_1,0
87.0,337277973#0_1,0
87.0,337277973#0_0,0
87.0,567060342#1_0,0
87.0,567060342#0_0,0
87.0,337277981#1_1,0
87.0,337277981#1_0,0
87.0,337277981#2_1,0
87.0,337277981#2_0,0
87.0,42143912#5_0,0
87.0,42143912#3_0,0
87.0,42143912#4_0,0
87.0,337277970#1_0,0
87.0,337277970#1_1,1
87.0,40668087#1_0,0
91.0,337277951#3_0,1
91.0,337277951#3_1,3
91.0,337277951#1_0,0
91.0,337277951#1_0,0
91.0,337277951#4_0,1
91.0,337277951#4_1,1
91.0,337277951#2_0,0
91.0,337277951#2_1,0
91.0,49217102_0,0
91.0,42143912#5_0,0
91.0,42143912#3_0,0
91.0,42143912#4_0,0
91.0,40668087#1_0,0
91.0,49217102_0,0
92.0,337277951#3_0,1
92.0,337277951#3_1,3
92.0,337277951#1_0,0
92.0,337277951#1_0,0
92.0,337277951#4_0,0
92.0,337277951#4_1,0
92.0,337277951#2_0,0
92.0,337277951#2_1,0
92.0,49217102_0,0
92.0,42143912#5_0,0
92.0,42143912#3_0,0
92.0,42143912#4_0,0
92.0,40668087#1_0,0
92.0,49217102_0,0
93.0,337277951#3_0,0
93.0,337277951#3_1,2
93.0,337277951#1_0,0
93.0,337277951#1_0,0
93.0,337277951#4_0,0
93.0,337277951#4_1,1
93.0,337277951#2_0,0
93.0,337277951#2_1,0
93.0,49217102_0,0
93.0,42143912#5_0,0
93.0,42143912#3_0,0
93.0,42143912#4_0,0
93.0,40668087#1_0,0
93.0,49217102_0,0
94.0,337277951#3_0,0
94.0,337277951#3_1,2
94.0,337277951#1_0,0
94.0,337277951#1_0,0
94.0,337277951#4_0,1
94.0,337277951#4_1,1
94.0,337277951#2_0,0
94.0,337277951#2_1,0
94.0,49217102_0,0
94.0,42143912#5_0,0
94.0,42143912#3_0,0
94.0,42143912#4_0,0
94.0,40668087#1_0,0
94.0,49217102_0,0
95.0,337277951#3_0,0
95.0,337277951#3_1,2
95.0,337277951#1_0,0
95.0,337277951#1_0,0
95.0,337277951#4_0,1
95.0,337277951#4_1,1
95.0,337277951#2_0,0
95.0,337277951#2_1,0
95.0,49217102_0,0
95.0,42143912#5_0,0
95.0,42143912#3_0,0
95.0,42143912#4_0,0
95.0,40668087#1_0,0
95.0,49217102_0,0
96.0,337277951#3_0,0
96.0,337277951#3_1,2
96.0,337277951#1_0,0
96.0,337277951#1_0,0
96.0,337277951#4_0,0
96.0,337277951#4_1,0
96.0,337277951#2_0,0
96.0,337277951#2_1,0
96.0,49217102_0,0
96.0,42143912#5_0,0
96.0,42143912#3_0,0
96.0,42143912#4_0,0
96.0,40668087#1_0,0
96.0,49217102_0,0
97.0,337277951#3_0,0
97.0,337277951#3_1,1
97.0,337277951#1_0,0
97.0,337277951#1_0,0
97.0,337277951#4_0,0
97.0,337277951#4_1,1
97.0,337277951#2_0,0
97.0,337277951#2_1,0
97.0,49217102_0,0
97.0,42143912#5_0,0
97.0,42143912#3_0,0
97.0,42143912#4_0,0
97.0,40668087#1_0,0
97.0,49217102_0,0
98.0,337277951#3_0,0
98.0,337277951#3_1,1
98.0,337277951#1_0,0
98.0,337277951#1_0,0
98.0,337277951#4_0,0
98.0,337277951#4_1,1
98.0,337277951#2_0,0
98.0,337277951#2_1,0
98.0,49217102_0,0
98.0,42143912#5_0,0
98.0,42143912#3_0,0
98.0,42143912#4_0,0
98.0,40668087#1_0,0
98.0,49217102_0,0
99.0,337277951#3_0,0
99.0,337277951#3_1,1
99.0,337277951#1_0,0
99.0,337277951#1_0,0
99.0,337277951#4_0,0
99.0,337277951#4_1,0
99.0,337277951#2_0,0
99.0,337277951#2_1,0
99.0,49217102_0,0
99.0,42143912#5_0,0
99.0,42143912#3_0,0
99.0,42143912#4_0,0
99.0,40668087#1_0,0
99.0,49217102_0,0
100.0,337277951#3_0,0
100.0,337277951#3_1,0
100.0,337277951#1_0,0
100.0,337277951#1_0,0
100.0,337277951#4_0,0
100.0,337277951#4_1,1
100.0,337277951#2_0,0
100.0,337277951#2_1,0
100.0,49217102_0,0
100.0,42143912#5_0,0
100.0,42143912#3_0,0
100.0,42143912#4_0,0
100.0,40668087#1_0,0
100.0,49217102_0,0
101.0,337277951#3_0,0
101.0,337277951#3_1,0
101.0,337277951#1_0,0
101.0,337277951#1_0,0
101.0,337277951#4_0,0
101.0,337277951#4_1,0
101.0,337277951#2_0,0
101.0,337277951#2_1,0
101.0,49217102_0,0
101.0,42143912#5_0,0
101.0,42143912#3_0,0
101.0,42143912#4_0,0
101.0,40668087#1_0,0
101.0,49217102_0,0
102.0,337277951#3_0,0
102.0,337277951#3_1,0
102.0,337277951#1_0,0
102.0,337277951#1_0,0
102.0,337277951#4_0,0
102.0,337277951#4_1,0
102.0,337277951#2_0,0
102.0,337277951#2_1,0
102.0,49217102_0,0
102.0,42143912#5_0,0
102.0,42143912#3_0,0
102.0,42143912#4_0,0
102.0,40668087#1_0,0
102.0,49217102_0,0
103.0,337277951#3_0,0
103.0,337277951#3_1,0
103.0,337277951#1_0,0
103.0,337277951#1_0,0
103.0,337277951#4_0,0
103.0,337277951#4_1,0
103.0,337277951#2_0,0
103.0,337277951#2_1,0
103.0,49217102_0,0
103.0,42143912#5_0,0
103.0,42143912#3_0,0
103.0,42143912#4_0,0
103.0,40668087#1_0,0
103.0,49217102_0,0
104.0,337277951#3_0,0
104.0,337277951#3_1,0
104.0,337277951#1_0,0
104.0,337277951#1_0,0
104.0,337277951#4_0,0
104.0,337277951#4_1,0
104.0,337277951#2_0,0
104.0,337277951#2_1,0
104.0,49217102_0,0
104.0,42143912#5_0,0
104.0,42143912#3_0,0
104.0,42143912#4_0,0
104.0,40668087#1_0,0
104.0,49217102_0,0
105.0,337277951#3_0,0
105.0,337277951#3_1,0
105.0,337277951#1_0,0
105.0,337277951#1_0,0
105.0,337277951#4_0,0
105.0,337277951#4_1,0
105.0,337277951#2_0,0
105.0,337277951#2_1,0
105.0,49217102_0,0
105.0,42143912#5_0,0
105.0,42143912#3_0,0
105.0,42143912#4_0,0
105.0,40668087#1_0,0
105.0,49217102_0,0
106.0,337277951#3_0,0
106.0,337277951#3_1,0
106.0,337277951#1_0,0
106.0,337277951#1_0,0
106.0,337277951#4_0,0
106.0,337277951#4_1,0
106.0,337277951#2_0,0
106.0,337277951#2_1,0
106.0,49217102_0,0
106.0,42143912#5_0,0
106.0,42143912#3_0,0
106.0,42143912#4_0,0
106.0,40668087#1_0,0
106.0,49217102_0,0
107.0,337277951#3_0,0
107.0,337277951#3_1,0
107.0,337277951#1_0,0
107.0,337277951#1_0,0
107.0,337277951#4_0,0
107.0,337277951#4_1,0
107.0,337277951#2_0,0
107.0,337277951#2_1,0
107.0,49217102_0,0
107.0,42143912#5_0,0
107.0,42143912#3_0,0
107.0,42143912#4_0,0
107.0,40668087#1_0,0
107.0,49217102_0,0
108.0,337277951#3_0,0
108.0,337277951#3_1,0
108.0,337277951#1_0,0
108.0,337277951#1_0,0
108.0,337277951#4_0,0
108.0,337277951#4_1,0
108.0,337277951#2_0,0
108.0,337277951#2_1,0
108.0,49217102_0,0
108.0,42143912#5_0,0
108.0,42143912#3_0,0
108.0,42143912#4_0,0
108.0,40668087#1_0,0
108.0,49217102_0,0
109.0,337277951#3_0,0
109.0,337277951#3_1,0
109.0,337277951#1_0,0
109.0,337277951#1_0,0
109.0,337277951#4_0,0
109.0,337277951#4_1,0
109.0,337277951#2_0,0
109.0,337277951#2_1,0
109.0,49217102_0,0
109.0,42143912#5_0,0
109.0,42143912#3_0,0
109.0,42143912#4_0,0
109.0,40668087#1_0,0
109.0,49217102_0,0
110.0,337277951#3_0,0
110.0,337277951#3_1,0
110.0,337277951#1_0,0
110.0,337277951#1_0,0
110.0,337277951#4_0,0
110.0,337277951#4_1,0
110.0,337277951#2_0,0
110.0,337277951#2_1,0
110.0,49217102_0,0
110.0,42143912#5_0,0
110.0,42143912#3_0,0
110.0,42143912#4_0,0
110.0,40668087#1_0,0
110.0,49217102_0,0
111.0,337277951#3_0,0
111.0,337277951#3_1,0
111.0,337277951#1_0,0
111.0,337277951#1_0,0
111.0,337277951#4_0,0
111.0,337277951#4_1,0
111.0,337277951#2_0,0
111.0,337277951#2_1,0
111.0,49217102_0,0
111.0,42143912#5_0,0
111.0,42143912#3_0,0
111.0,42143912#4_0,0
111.0,40668087#1_0,0
111.0,49217102_0,0
112.0,337277951#3_0,0
112.0,337277951#3_1,0
112.0,337277951#1_0,0
112.0,337277951#1_0,0
112.0,337277951#4_0,0
112.0,337277951#4_1,0
112.0,337277951#2_0,0
112.0,337277951#2_1,0
112.0,49217102_0,0
112.0,42143912#5_0,0
112.0,42143912#3_0,0
112.0,42143912#4_0,0
112.0,40668087#1_0,0
112.0,49217102_0,0
113.0,337277951#3_0,0
113.0,337277951#3_1,0
113.0,337277951#1_0,0
113.0,337277951#1_0,0
113.0,337277951#4_0,0
113.0,337277951#4_1,0
113.0,337277951#2_0,0
113.0,337277951#2_1,0
113.0,49217102_0,0
113.0,42143912#5_0,0
113.0,42143912#3_0,0
113.0,42143912#4_0,0
113.0,40668087#1_0,0
113.0,49217102_0,0
114.0,337277951#3_0,0
114.0,337277951#3_1,0
114.0,337277951#1_0,0
114.0,337277951#1_0,0
114.0,337277951#4_0,0
114.0,337277951#4_1,0
114.0,337277951#2_0,0
114.0,337277951#2_1,0
114.0,49217102_0,0
114.0,42143912#5_0,0
114.0,42143912#3_0,0
114.0,42143912#4_0,0
114.0,40668087#1_0,0
114.0,49217102_0,0
115.0,337277951#3_0,0
115.0,337277951#3_1,0
115.0,337277951#1_0,0
115.0,337277951#1_0,0
115.0,337277951#4_0,0
115.0,337277951#4_1,0
115.0,337277951#2_0,0
115.0,337277951#2_1,0
115.0,49217102_0,0
115.0,42143912#5_0,0
115.0,42143912#3_0,0
115.0,42143912#4_0,0
115.0,40668087#1_0,0
115.0,49217102_0,0
116.0,337277951#3_0,0
116.0,337277951#3_1,0
116.0,337277951#1_0,0
116.0,337277951#1_0,0
116.0,337277951#4_0,0
116.0,337277951#4_1,0
116.0,337277951#2_0,0
116.0,337277951#2_1,0
116.0,49217102_0,0
116.0,42143912#5_0,0
116.0,42143912#3_0,0
116.0,42143912#4_0,0
116.0,40668087#1_0,0
116.0,49217102_0,0
117.0,337277951#3_0,0
117.0,337277951#3_1,0
117.0,337277951#1_0,0
117.0,337277951#1_0,0
117.0,337277951#4_0,0
117.0,337277951#4_1,0
117.0,337277951#2_0,0
117.0,337277951#2_1,0
117.0,49217102_0,0
117.0,42143912#5_0,0
117.0,42143912#3_0,0
117.0,42143912#4_0,0
117.0,40668087#1_0,0
117.0,49217102_0,0
118.0,337277951#3_0,0
118.0,337277951#3_1,0
118.0,337277951#1_0,0
118.0,337277951#1_0,0
118.0,337277951#4_0,0
118.0,337277951#4_1,0
118.0,337277951#2_0,0
118.0,337277951#2_1,0
118.0,49217102_0,0
118.0,42143912#5_0,0
118.0,42143912#3_0,0
118.0,42143912#4_0,0
118.0,40668087#1_0,0
118.0,49217102_0,0
119.0,337277951#3_0,0
119.0,337277951#3_1,0
119.0,337277951#1_0,0
119.0,337277951#1_0,0
119.0,337277951#4_0,0
119.0,337277951#4_1,0
119.0,337277951#2_0,0
119.0,337277951#2_1,0
119.0,49217102_0,0
119.0,42143912#5_0,0
119.0,42143912#3_0,0
119.0,42143912#4_0,0
119.0,40668087#1_0,0
119.0,49217102_0,0
120.0,337277951#3_0,0
120.0,337277951#3_1,0
120.0,337277951#1_0,0
120.0,337277951#1_0,0
120.0,337277951#4_0,0
120.0,337277951#4_1,0
120.0,337277951#2_0,0
120.0,337277951#2_1,0
120.0,49217102_0,0
120.0,42143912#5_0,0
120.0,42143912#3_0,0
120.0,42143912#4_0,0
120.0,40668087#1_0,0
120.0,49217102_0,0
121.0,337277951#3_0,0
121.0,337277951#3_1,0
121.0,337277951#1_0,0
121.0,337277951#1_0,0
121.0,337277951#4_0,0
121.0,337277951#4_1,0
121.0,337277951#2_0,0
121.0,337277951#2_1,0
121.0,49217102_0,0
121.0,42143912#5_0,0
121.0,42143912#3_0,0
121.0,42143912#4_0,0
121.0,40668087#1_0,0
121.0,49217102_0,0
122.0,337277951#3_0,0
122.0,337277951#3_1,0
122.0,337277951#1_0,0
122.0,337277951#1_0,0
122.0,337277951#4_0,0
122.0,337277951#4_1,0
122.0,337277951#2_0,0
122.0,337277951#2_1,0
122.0,49217102_0,0
122.0,42143912#5_0,0
122.0,42143912#3_0,0
122.0,42143912#4_0,0
122.0,40668087#1_0,0
122.0,49217102_0,0
123.0,337277951#3_0,0
123.0,337277951#3_1,0
123.0,337277951#1_0,0
123.0,337277951#1_0,0
123.0,337277951#4_0,0
123.0,337277951#4_1,0
123.0,337277951#2_0,0
123.0,337277951#2_1,0
123.0,49217102_0,0
123.0,42143912#5_0,0
123.0,42143912#3_0,0
123.0,42143912#4_0,0
123.0,40668087#1_0,0
123.0,49217102_0,0
124.0,337277951#3_0,0
124.0,337277951#3_1,0
124.0,337277951#1_0,0
124.0,337277951#1_0,0
124.0,337277951#4_0,0
124.0,337277951#4_1,0
124.0,337277951#2_0,0
124.0,337277951#2_1,0
124.0,49217102_0,0
124.0,42143912#5_0,0
124.0,42143912#3_0,0
124.0,42143912#4_0,0
124.0,40668087#1_0,0
124.0,49217102_0,0
125.0,337277951#3_0,0
125.0,337277951#3_1,0
125.0,337277951#1_0,0
125.0,337277951#1_0,0
125.0,337277951#4_0,0
125.0,337277951#4_1,0
125.0,337277951#2_0,0
125.0,337277951#2_1,0
125.0,49217102_0,0
125.0,42143912#5_0,0
125.0,42143912#3_0,0
125.0,42143912#4_0,0
125.0,40668087#1_0,0
125.0,49217102_0,0
126.0,337277951#3_0,0
126.0,337277951#3_1,0
126.0,337277951#1_0,0
126.0,337277951#1_0,0
126.0,337277951#4_0,0
126.0,337277951#4_1,0
126.0,337277951#2_0,0
126.0,337277951#2_1,0
126.0,49217102_0,0
126.0,42143912#5_0,0
126.0,42143912#3_0,0
126.0,42143912#4_0,0
126.0,40668087#1_0,0
126.0,49217102_0,0
127.0,337277951#3_0,0
127.0,337277951#3_1,0
127.0,337277951#1_0,0
127.0,337277951#1_0,0
127.0,337277951#4_0,0
127.0,337277951#4_1,0
127.0,337277951#2_0,0
127.0,337277951#2_1,0
127.0,49217102_0,0
127.0,42143912#5_0,0
127.0,42143912#3_0,0
127.0,42143912#4_0,0
127.0,40668087#1_0,0
127.0,49217102_0,0
128.0,337277951#3_0,0
128.0,337277951#3_1,0
128.0,337277951#1_0,0
128.0,337277951#1_0,0
128.0,337277951#4_0,0
128.0,337277951#4_1,0
128.0,337277951#2_0,0
128.0,337277951#2_1,0
128.0,49217102_0,0
128.0,42143912#5_0,0
128.0,42143912#3_0,0
128.0,42143912#4_0,0
128.0,40668087#1_0,0
128.0,49217102_0,0
129.0,337277951#3_0,0
129.0,337277951#3_1,0
129.0,337277951#1_0,0
129.0,337277951#1_0,0
129.0,337277951#4_0,0
129.0,337277951#4_1,0
129.0,337277951#2_0,0
129.0,337277951#2_1,0
129.0,49217102_0,0
129.0,42143912#5_0,0
129.0,42143912#3_0,0
129.0,42143912#4_0,0
129.0,40668087#1_0,0
129.0,49217102_0,0
130.0,337277951#3_0,0
130.0,337277951#3_1,0
130.0,337277951#1_0,0
130.0,337277951#1_0,0
130.0,337277951#4_0,0
130.0,337277951#4_1,0
130.0,337277951#2_0,0
130.0,337277951#2_1,0
130.0,49217102_0,0
130.0,42143912#5_0,0
130.0,42143912#3_0,0
130.0,42143912#4_0,0
130.0,40668087#1_0,0
130.0,49217102_0,0
131.0,337277951#3_0,0
131.0,337277951#3_1,0
131.0,337277951#1_0,0
131.0,337277951#1_0,0
131.0,337277951#4_0,0
131.0,337277951#4_1,0
131.0,337277951#2_0,0
131.0,337277951#2_1,0
131.0,49217102_0,0
131.0,42143912#5_0,0
131.0,42143912#3_0,0
131.0,42143912#4_0,0
131.0,40668087#1_0,0
131.0,49217102_0,0
132.0,337277951#3_0,0
132.0,337277951#3_1,0
132.0,337277951#1_0,0
132.0,337277951#1_0,0
132.0,337277951#4_0,0
132.0,337277951#4_1,0
132.0,337277951#2_0,0
132.0,337277951#2_1,0
132.0,49217102_0,0
132.0,42143912#5_0,0
132.0,42143912#3_0,0
132.0,42143912#4_0,0
132.0,40668087#1_0,0
132.0,49217102_0,0
136.0,567060342#1_0,0
136.0,567060342#0_0,0
136.0,337277973#1_0,2
136.0,337277973#1_1,2
136.0,337277973#0_1,0
136.0,337277973#0_0,0
136.0,567060342#1_0,0
136.0,567060342#0_0,0
136.0,337277981#1_1,0
136.0,337277981#1_0,0
136.0,337277981#2_1,0
136.0,337277981#2_0,0
136.0,42143912#5_0,0
136.0,42143912#3_0,0
136.0,42143912#4_0,0
136.0,337277970#1_0,0
136.0,337277970#1_1,0
136.0,40668087#1_0,0
137.0,567060342#1_0,0
137.0,567060342#0_0,0
137.0,337277973#1_0,1
137.0,337277973#1_1,1
137.0,337277973#0_1,0
137.0,337277973#0_0,0
137.0,567060342#1_0,0
137.0,567060342#0_0,0
137.0,337277981#1_1,0
137.0,337277981#1_0,0
137.0,337277981#2_1,0
137.0,337277981#2_0,0
137.0,42143912#5_0,0
137.0,42143912#3_0,0
137.0,42143912#4_0,0
137.0,337277970#1_0,0
137.0,337277970#1_1,0
137.0,40668087#1_0,0
138.0,567060342#1_0,0
138.0,567060342#0_0,0
138.0,337277973#1_0,1
138.0,337277973#1_1,1
138.0,337277973#0_1,0
138.0,337277973#0_0,0
138.0,567060342#1_0,0
138.0,567060342#0_0,0
138.0,337277981#1_1,0
138.0,337277981#1_0,0
138.0,337277981#2_1,0
138.0,337277981#2_0,0
138.0,42143912#5_0,0
138.0,42143912#3_0,0
138.0,42143912#4_0,0
138.0,337277970#1_0,0
138.0,337277970#1_1,0
138.0,40668087#1_0,0
139.0,567060342#1_0,0
139.0,567060342#0_0,0
139.0,337277973#1_0,1
139.0,337277973#1_1,1
139.0,337277973#0_1,0
139.0,337277973#0_0,0
139.0,567060342#1_0,0
139.0,567060342#0_0,0
139.0,337277981#1_1,0
139.0,337277981#1_0,0
139.0,337277981#2_1,0
139.0,337277981#2_0,0
139.0,42143912#5_0,0
139.0,42143912#3_0,0
139.0,42143912#4_0,0
139.0,337277970#1_0,0
139.0,337277970#1_1,0
139.0,40668087#1_0,0
140.0,567060342#1_0,0
140.0,567060342#0_0,1
140.0,337277973#1_0,1
140.0,337277973#1_1,1
140.0,337277973#0_1,0
140.0,337277973#0_0,0
140.0,567060342#1_0,0
140.0,567060342#0_0,1
140.0,337277981#1_1,0
140.0,337277981#1_0,0
140.0,337277981#2_1,0
140.0,337277981#2_0,0
140.0,42143912#5_0,1
140.0,42143912#3_0,0
140.0,42143912#4_0,0
140.0,337277970#1_0,0
140.0,337277970#1_1,0
140.0,40668087#1_0,1
141.0,567060342#1_0,0
141.0,567060342#0_0,1
141.0,337277973#1_0,0
141.0,337277973#1_1,0
141.0,337277973#0_1,0
141.0,337277973#0_0,0
141.0,567060342#1_0,0
141.0,567060342#0_0,1
141.0,337277981#1_1,1
141.0,337277981#1_0,0
141.0,337277981#2_1,0
141.0,337277981#2_0,0
141.0,42143912#5_0,1
141.0,42143912#3_0,0
141.0,42143912#4_0,0
141.0,337277970#1_0,0
141.0,337277970#1_1,0
141.0,40668087#1_0,1
142.0,567060342#1_0,0
142.0,567060342#0_0,1
142.0,337277973#1_0,0
142.0,337277973#1_1,0
142.0,337277973#0_1,0
142.0,337277973#0_0,0
142.0,567060342#1_0,0
142.0,567060342#0_0,1
142.0,337277981#1_1,0
142.0,337277981#1_0,1
142.0,337277981#2_1,0
142.0,337277981#2_0,0
142.0,42143912#5_0,1
142.0,42143912#3_0,0
142.0,42143912#4_0,0
142.0,337277970#1_0,0
142.0,337277970#1_1,0
142.0,40668087#1_0,1
143.0,567060342#1_0,0
143.0,567060342#0_0,1
143.0,337277973#1_0,0
143.0,337277973#1_1,0
143.0,337277973#0_1,0
143.0,337277973#0_0,0
143.0,567060342#1_0,0
143.0,567060342#0_0,1
143.0,337277981#1_1,0
143.0,337277981#1_0,1
143.0,337277981#2_1,0
143.0,337277981#2_0,0
143.0,42143912#5_0,1
143.0,42143912#3_0,0
143.0,42143912#4_0,0
143.0,337277970#1_0,0
143.0,337277970#1_1,0
143.0,40668087#1_0,1
144.0,567060342#1_0,0
144.0,567060342#0_0,2
144.0,337277973#1_0,0
144.0,337277973#1_1,0
144.0,337277973#0_1,0
144.0,337277973#0_0,0
144.0,567060342#1_0,0
144.0,567060342#0_0,2
144.0,337277981#1_1,0
144.0,337277981#1_0,1
144.0,337277981#2_1,0
144.0,337277981#2_0,0
144.0,42143912#5_0,2
144.0,42143912#3_0,0
144.0,42143912#4_0,0
144.0,337277970#1_0,0
144.0,337277970#1_1,0
144.0,40668087#1_0,2
145.0,567060342#1_0,0
145.0,567060342#0_0,2
145.0,337277973#1_0,0
145.0,337277973#1_1,0
145.0,337277973#0_1,0
145.0,337277973#0_0,0
145.0,567060342#1_0,0
145.0,567060342#0_0,2
145.0,337277981#1_1,0
145.0,337277981#1_0,1
145.0,337277981#2_1,0
145.0,337277981#2_0,0
145.0,42143912#5_0,2
145.0,42143912#3_0,0
145.0,42143912#4_0,0
145.0,337277970#1_0,0
145.0,337277970#1_1,0
145.0,40668087#1_0,2
146.0,567060342#1_0,0
146.0,567060342#0_0,2
146.0,337277973#1_0,0
146.0,337277973#1_1,0
146.0,337277973#0_1,0
146.0,337277973#0_0,0
146.0,567060342#1_0,0
146.0,567060342#0_0,2
146.0,337277981#1_1,0
146.0,337277981#1_0,1
146.0,337277981#2_1,0
146.0,337277981#2_0,0
146.0,42143912#5_0,2
146.0,42143912#3_0,0
146.0,42143912#4_0,0
146.0,337277970#1_0,0
146.0,337277970#1_1,0
146.0,40668087#1_0,2
147.0,567060342#1_0,0
147.0,567060342#0_0,2
147.0,337277973#1_0,0
147.0,337277973#1_1,0
147.0,337277973#0_1,0
147.0,337277973#0_0,0
147.0,567060342#1_0,0
147.0,567060342#0_0,2
147.0,337277981#1_1,0
147.0,337277981#1_0,0
147.0,337277981#2_1,0
147.0,337277981#2_0,0
147.0,42143912#5_0,2
147.0,42143912#3_0,0
147.0,42143912#4_0,0
147.0,337277970#1_0,0
147.0,337277970#1_1,0
147.0,40668087#1_0,2
148.0,567060342#1_0,0
148.0,567060342#0_0,2
148.0,337277973#1_0,0
148.0,337277973#1_1,0
148.0,337277973#0_1,0
148.0,337277973#0_0,0
148.0,567060342#1_0,0
148.0,567060342#0_0,2
148.0,337277981#1_1,0
148.0,337277981#1_0,0
148.0,337277981#2_1,0
148.0,337277981#2_0,1
148.0,42143912#5_0,3
148.0,42143912#3_0,0
148.0,42143912#4_0,0
148.0,337277970#1_0,0
148.0,337277970#1_1,0
148.0,40668087#1_0,2
149.0,567060342#1_0,1
149.0,567060342#0_0,2
149.0,337277973#1_0,0
149.0,337277973#1_1,0
149.0,337277973#0_1,0
149.0,337277973#0_0,0
149.0,567060342#1_0,1
149.0,567060342#0_0,2
149.0,337277981#1_1,0
149.0,337277981#1_0,0
149.0,337277981#2_1,0
149.0,337277981#2_0,1
149.0,42143912#5_0,3
149.0,42143912#3_0,0
149.0,42143912#4_0,0
149.0,337277970#1_0,0
149.0,337277970#1_1,0
149.0,40668087#1_0,3
150.0,567060342#1_0,1
150.0,567060342#0_0,2
150.0,337277973#1_0,0
150.0,337277973#1_1,0
150.0,337277973#0_1,0
150.0,337277973#0_0,0
150.0,567060342#1_0,1
150.0,567060342#0_0,2
150.0,337277981#1_1,0
150.0,337277981#1_0,0
150.0,337277981#2_1,0
150.0,337277981#2_0,1
150.0,42143912#5_0,3
150.0,42143912#3_0,0
150.0,42143912#4_0,0
150.0,337277970#1_0,0
150.0,337277970#1_1,0
150.0,40668087#1_0,3
151.0,567060342#1_0,1
151.0,567060342#0_0,2
151.0,337277973#1_0,0
151.0,337277973#1_1,0
151.0,337277973#0_1,0
151.0,337277973#0_0,0
151.0,567060342#1_0,1
151.0,567060342#0_0,2
151.0,337277981#1_1,0
151.0,337277981#1_0,0
151.0,337277981#2_1,0
151.0,337277981#2_0,1
151.0,42143912#5_0,3
151.0,42143912#3_0,0
151.0,42143912#4_0,0
151.0,337277970#1_0,0
151.0,337277970#1_1,0
151.0,40668087#1_0,3
152.0,567060342#1_0,1
152.0,567060342#0_0,1
152.0,337277973#1_0,0
152.0,337277973#1_1,0
152.0,337277973#0_1,0
152.0,337277973#0_0,0
152.0,567060342#1_0,1
152.0,567060342#0_0,1
152.0,337277981#1_1,0
152.0,337277981#1_0,0
152.0,337277981#2_1,0
152.0,337277981#2_0,1
152.0,42143912#5_0,4
152.0,42143912#3_0,0
152.0,42143912#4_0,0
152.0,337277970#1_0,0
152.0,337277970#1_1,0
152.0,40668087#1_0,3
153.0,567060342#1_0,2
153.0,567060342#0_0,1
153.0,337277973#1_0,0
153.0,337277973#1_1,0
153.0,337277973#0_1,0
153.0,337277973#0_0,0
153.0,567060342#1_0,2
153.0,567060342#0_0,1
153.0,337277981#1_1,0
153.0,337277981#1_0,0
153.0,337277981#2_1,0
153.0,337277981#2_0,0
153.0,42143912#5_0,4
153.0,42143912#3_0,0
153.0,42143912#4_0,0
153.0,337277970#1_0,0
153.0,337277970#1_1,0
153.0,40668087#1_0,4
154.0,567060342#1_0,2
154.0,567060342#0_0,1
154.0,337277973#1_0,0
154.0,337277973#1_1,0
154.0,337277973#0_1,0
154.0,337277973#0_0,0
154.0,567060342#1_0,2
154.0,567060342#0_0,1
154.0,337277981#1_1,0
154.0,337277981#1_0,0
154.0,337277981#2_1,0
154.0,337277981#2_0,0
154.0,42143912#5_0,4
154.0,42143912#3_0,0
154.0,42143912#4_0,0
154.0,337277970#1_0,0
154.0,337277970#1_1,0
154.0,40668087#1_0,4
155.0,567060342#1_0,2
155.0,567060342#0_0,1
155.0,337277973#1_0,0
155.0,337277973#1_1,0
155.0,337277973#0_1,0
155.0,337277973#0_0,0
155.0,567060342#1_0,2
155.0,567060342#0_0,1
155.0,337277981#1_1,0
155.0,337277981#1_0,0
155.0,337277981#2_1,0
155.0,337277981#2_0,0
155.0,42143912#5_0,4
155.0,42143912#3_0,0
155.0,42143912#4_0,0
155.0,337277970#1_0,0
155.0,337277970#1_1,0
155.0,40668087#1_0,4
156.0,567060342#1_0,1
156.0,567060342#0_0,0
156.0,337277973#1_0,0
156.0,337277973#1_1,0
156.0,337277973#0_1,0
156.0,337277973#0_0,0
156.0,567060342#1_0,1
156.0,567060342#0_0,0
156.0,337277981#1_1,0
156.0,337277981#1_0,0
156.0,337277981#2_1,0
156.0,337277981#2_0,0
156.0,42143912#5_0,4
156.0,42143912#3_0,0
156.0,42143912#4_0,0
156.0,337277970#1_0,0
156.0,337277970#1_1,0
156.0,40668087#1_0,4
157.0,567060342#1_0,2
157.0,567060342#0_0,0
157.0,337277973#1_0,0
157.0,337277973#1_1,0
157.0,337277973#0_1,0
157.0,337277973#0_0,1
157.0,567060342#1_0,2
157.0,567060342#0_0,0
157.0,337277981#1_1,0
157.0,337277981#1_0,0
157.0,337277981#2_1,0
157.0,337277981#2_0,0
157.0,42143912#5_0,4
157.0,42143912#3_0,0
157.0,42143912#4_0,0
157.0,337277970#1_0,0
157.0,337277970#1_1,0
157.0,40668087#1_0,5
158.0,567060342#1_0,2
158.0,567060342#0_0,0
158.0,337277973#1_0,1
158.0,337277973#1_1,0
158.0,337277973#0_1,0
158.0,337277973#0_0,0
158.0,567060342#1_0,2
158.0,567060342#0_0,0
158.0,337277981#1_1,0
158.0,337277981#1_0,0
158.0,337277981#2_1,0
158.0,337277981#2_0,0
158.0,42143912#5_0,4
158.0,42143912#3_0,0
158.0,42143912#4_0,0
158.0,337277970#1_0,0
158.0,337277970#1_1,0
158.0,40668087#1_0,5
159.0,567060342#1_0,2
159.0,567060342#0_0,0
159.0,337277973#1_0,1
159.0,337277973#1_1,0
159.0,337277973#0_1,0
159.0,337277973#0_0,0
159.0,567060342#1_0,2
159.0,567060342#0_0,0
159.0,337277981#1_1,0
159.0,337277981#1_0,0
159.0,337277981#2_1,0
159.0,337277981#2_0,0
159.0,42143912#5_0,4
159.0,42143912#3_0,0
159.0,42143912#4_0,0
159.0,337277970#1_0,0
159.0,337277970#1_1,0
159.0,40668087#1_0,5
160.0,567060342#1_0,1
160.0,567060342#0_0,0
160.0,337277973#1_0,1
160.0,337277973#1_1,0
160.0,337277973#0_1,0
160.0,337277973#0_0,0
160.0,567060342#1_0,1
160.0,567060342#0_0,0
160.0,337277981#1_1,0
160.0,337277981#1_0,0
160.0,337277981#2_1,0
160.0,337277981#2_0,0
160.0,42143912#5_0,4
160.0,42143912#3_0,0
160.0,42143912#4_0,0
160.0,337277970#1_0,0
160.0,337277970#1_1,0
160.0,40668087#1_0,5
161.0,567060342#1_0,1
161.0,567060342#0_0,0
161.0,337277973#1_0,1
161.0,337277973#1_1,0
161.0,337277973#0_1,0
161.0,337277973#0_0,0
161.0,567060342#1_0,1
161.0,567060342#0_0,0
161.0,337277981#1_1,0
161.0,337277981#1_0,0
161.0,337277981#2_1,0
161.0,337277981#2_0,0
161.0,42143912#5_0,4
161.0,42143912#3_0,0
161.0,42143912#4_0,0
161.0,337277970#1_0,0
161.0,337277970#1_1,0
161.0,40668087#1_0,6
162.0,567060342#1_0,1
162.0,567060342#0_0,0
162.0,337277973#1_0,1
162.0,337277973#1_1,1
162.0,337277973#0_1,0
162.0,337277973#0_0,0
162.0,567060342#1_0,1
162.0,567060342#0_0,0
162.0,337277981#1_1,0
162.0,337277981#1_0,0
162.0,337277981#2_1,0
162.0,337277981#2_0,0
162.0,42143912#5_0,4
162.0,42143912#3_0,0
162.0,42143912#4_0,0
162.0,337277970#1_0,0
162.0,337277970#1_1,0
162.0,40668087#1_0,6
163.0,567060342#1_0,1
163.0,567060342#0_0,0
163.0,337277973#1_0,1
163.0,337277973#1_1,1
163.0,337277973#0_1,0
163.0,337277973#0_0,0
163.0,567060342#1_0,1
163.0,567060342#0_0,0
163.0,337277981#1_1,0
163.0,337277981#1_0,0
163.0,337277981#2_1,0
163.0,337277981#2_0,0
163.0,42143912#5_0,4
163.0,42143912#3_0,0
163.0,42143912#4_0,0
163.0,337277970#1_0,0
163.0,337277970#1_1,0
163.0,40668087#1_0,6
164.0,567060342#1_0,1
164.0,567060342#0_0,0
164.0,337277973#1_0,1
164.0,337277973#1_1,1
164.0,337277973#0_1,0
164.0,337277973#0_0,0
164.0,567060342#1_0,1
164.0,567060342#0_0,0
164.0,337277981#1_1,0
164.0,337277981#1_0,0
164.0,337277981#2_1,0
164.0,337277981#2_0,0
164.0,42143912#5_0,4
164.0,42143912#3_0,0
164.0,42143912#4_0,0
164.0,337277970#1_0,0
164.0,337277970#1_1,0
164.0,40668087#1_0,6
165.0,567060342#1_0,1
165.0,567060342#0_0,0
165.0,337277973#1_0,1
165.0,337277973#1_1,1
165.0,337277973#0_1,0
165.0,337277973#0_0,0
165.0,567060342#1_0,1
165.0,567060342#0_0,0
165.0,337277981#1_1,0
165.0,337277981#1_0,0
165.0,337277981#2_1,0
165.0,337277981#2_0,0
165.0,42143912#5_0,4
165.0,42143912#3_0,0
165.0,42143912#4_0,0
165.0,337277970#1_0,0
165.0,337277970#1_1,0
165.0,40668087#1_0,7
166.0,567060342#1_0,0
166.0,567060342#0_0,0
166.0,337277973#1_0,0
166.0,337277973#1_1,1
166.0,337277973#0_1,0
166.0,337277973#0_0,0
166.0,567060342#1_0,0
166.0,567060342#0_0,0
166.0,337277981#1_1,0
166.0,337277981#1_0,0
166.0,337277981#2_1,0
166.0,337277981#2_0,0
166.0,42143912#5_0,4
166.0,42143912#3_0,0
166.0,42143912#4_0,0
166.0,337277970#1_0,0
166.0,337277970#1_1,0
166.0,40668087#1_0,7
167.0,567060342#1_0,0
167.0,567060342#0_0,0
167.0,337277973#1_0,0
167.0,337277973#1_1,1
167.0,337277973#0_1,0
167.0,337277973#0_0,0
167.0,567060342#1_0,0
167.0,567060342#0_0,0
167.0,337277981#1_1,0
167.0,337277981#1_0,0
167.0,337277981#2_1,0
167.0,337277981#2_0,0
167.0,42143912#5_0,4
167.0,42143912#3_0,0
167.0,42143912#4_0,0
167.0,337277970#1_0,0
167.0,337277970#1_1,0
167.0,40668087#1_0,7
168.0,567060342#1_0,0
168.0,567060342#0_0,0
168.0,337277973#1_0,0
168.0,337277973#1_1,2
168.0,337277973#0_1,0
168.0,337277973#0_0,0
168.0,567060342#1_0,0
168.0,567060342#0_0,0
168.0,337277981#1_1,0
168.0,337277981#1_0,0
168.0,337277981#2_1,0
168.0,337277981#2_0,0
168.0,42143912#5_0,4
168.0,42143912#3_0,0
168.0,42143912#4_0,0
168.0,337277970#1_0,0
168.0,337277970#1_1,0
168.0,40668087#1_0,7
169.0,567060342#1_0,0
169.0,567060342#0_0,0
169.0,337277973#1_0,0
169.0,337277973#1_1,2
169.0,337277973#0_1,0
169.0,337277973#0_0,0
169.0,567060342#1_0,0
169.0,567060342#0_0,0
169.0,337277981#1_1,0
169.0,337277981#1_0,0
169.0,337277981#2_1,0
169.0,337277981#2_0,0
169.0,42143912#5_0,4
169.0,42143912#3_0,0
169.0,42143912#4_0,0
169.0,337277970#1_0,0
169.0,337277970#1_1,0
169.0,40668087#1_0,7
170.0,567060342#1_0,0
170.0,567060342#0_0,0
170.0,337277973#1_0,0
170.0,337277973#1_1,2
170.0,337277973#0_1,0
170.0,337277973#0_0,0
170.0,567060342#1_0,0
170.0,567060342#0_0,0
170.0,337277981#1_1,0
170.0,337277981#1_0,0
170.0,337277981#2_1,0
170.0,337277981#2_0,0
170.0,42143912#5_0,4
170.0,42143912#3_0,0
170.0,42143912#4_0,0
170.0,337277970#1_0,0
170.0,337277970#1_1,0
170.0,40668087#1_0,7
171.0,567060342#1_0,0
171.0,567060342#0_0,0
171.0,337277973#1_0,0
171.0,337277973#1_1,2
171.0,337277973#0_1,0
171.0,337277973#0_0,0
171.0,567060342#1_0,0
171.0,567060342#0_0,0
171.0,337277981#1_1,0
171.0,337277981#1_0,0
171.0,337277981#2_1,0
171.0,337277981#2_0,0
171.0,42143912#5_0,4
171.0,42143912#3_0,0
171.0,42143912#4_0,0
171.0,337277970#1_0,0
171.0,337277970#1_1,0
171.0,40668087#1_0,7
172.0,567060342#1_0,0
172.0,567060342#0_0,0
172.0,337277973#1_0,0
172.0,337277973#1_1,1
172.0,337277973#0_1,0
172.0,337277973#0_0,0
172.0,567060342#1_0,0
172.0,567060342#0_0,0
