tiempo,semaforo_id,num_vehiculos,fase,duracion_verde
1.0,2496228891,1,0,15
1.0,cluster_12013799525_12013799526_2496228894,1,0,15
1.0,cluster_12013799527_12013799528_2190601967,1,0,15
1.0,cluster_12013799529_12013799530_473195061,1,0,15
2.0,2496228891,1,0,15
2.0,cluster_12013799525_12013799526_2496228894,1,0,15
2.0,cluster_12013799527_12013799528_2190601967,1,0,15
2.0,cluster_12013799529_12013799530_473195061,1,0,15
3.0,2496228891,1,0,15
3.0,cluster_12013799525_12013799526_2496228894,1,0,15
3.0,cluster_12013799527_12013799528_2190601967,1,0,15
3.0,cluster_12013799529_12013799530_473195061,1,0,15
4.0,2496228891,1,0,15
4.0,cluster_12013799525_12013799526_2496228894,1,0,15
4.0,cluster_12013799527_12013799528_2190601967,1,0,15
4.0,cluster_12013799529_12013799530_473195061,1,0,15
5.0,2496228891,2,0,15
5.0,cluster_12013799525_12013799526_2496228894,2,0,15
5.0,cluster_12013799527_12013799528_2190601967,2,0,15
5.0,cluster_12013799529_12013799530_473195061,2,0,15
6.0,2496228891,2,0,15
6.0,cluster_12013799525_12013799526_2496228894,2,0,15
6.0,cluster_12013799527_12013799528_2190601967,2,0,15
6.0,cluster_12013799529_12013799530_473195061,2,0,15
7.0,2496228891,2,0,15
7.0,cluster_12013799525_12013799526_2496228894,2,0,15
7.0,cluster_12013799527_12013799528_2190601967,2,0,15
7.0,cluster_12013799529_12013799530_473195061,2,0,15
8.0,2496228891,2,0,15
8.0,cluster_12013799525_12013799526_2496228894,2,0,15
8.0,cluster_12013799527_12013799528_2190601967,2,0,15
8.0,cluster_12013799529_12013799530_473195061,2,0,15
9.0,2496228891,3,0,15
9.0,cluster_12013799525_12013799526_2496228894,3,0,15
9.0,cluster_12013799527_12013799528_2190601967,3,0,15
9.0,cluster_12013799529_12013799530_473195061,3,0,15
10.0,2496228891,3,0,15
10.0,cluster_12013799525_12013799526_2496228894,2,0,15
10.0,cluster_12013799527_12013799528_2190601967,3,0,15
10.0,cluster_12013799529_12013799530_473195061,3,0,15
11.0,2496228891,3,0,15
11.0,cluster_12013799525_12013799526_2496228894,2,0,15
11.0,cluster_12013799527_12013799528_2190601967,3,0,15
11.0,cluster_12013799529_12013799530_473195061,3,0,15
12.0,2496228891,3,0,15
12.0,cluster_12013799525_12013799526_2496228894,2,0,15
12.0,cluster_12013799527_12013799528_2190601967,3,0,15
12.0,cluster_12013799529_12013799530_473195061,3,0,15
13.0,2496228891,4,0,23
13.0,cluster_12013799525_12013799526_2496228894,3,0,15
13.0,cluster_12013799527_12013799528_2190601967,4,0,23
13.0,cluster_12013799529_12013799530_473195061,4,0,21
14.0,2496228891,4,0,21
14.0,cluster_12013799525_12013799526_2496228894,2,0,15
14.0,cluster_12013799527_12013799528_2190601967,4,0,21
14.0,cluster_12013799529_12013799530_473195061,4,0,21
15.0,2496228891,4,0,21
15.0,cluster_12013799525_12013799526_2496228894,2,0,15
15.0,cluster_12013799527_12013799528_2190601967,4,0,21
15.0,cluster_12013799529_12013799530_473195061,4,0,21
16.0,2496228891,4,0,21
16.0,cluster_12013799525_12013799526_2496228894,2,0,15
16.0,cluster_12013799527_12013799528_2190601967,4,0,21
16.0,cluster_12013799529_12013799530_473195061,4,0,21
17.0,2496228891,5,0,23
17.0,cluster_12013799525_12013799526_2496228894,2,0,15
17.0,cluster_12013799527_12013799528_2190601967,4,0,21
17.0,cluster_12013799529_12013799530_473195061,5,0,21
18.0,2496228891,5,0,21
18.0,cluster_12013799525_12013799526_2496228894,2,0,15
18.0,cluster_12013799527_12013799528_2190601967,4,0,21
18.0,cluster_12013799529_12013799530_473195061,5,0,21
19.0,2496228891,5,0,21
19.0,cluster_12013799525_12013799526_2496228894,1,0,15
19.0,cluster_12013799527_12013799528_2190601967,4,0,21
19.0,cluster_12013799529_12013799530_473195061,5,0,21
20.0,2496228891,5,0,21
20.0,cluster_12013799525_12013799526_2496228894,1,0,15
20.0,cluster_12013799527_12013799528_2190601967,4,0,21
20.0,cluster_12013799529_12013799530_473195061,5,0,21
21.0,2496228891,4,0,21
21.0,cluster_12013799525_12013799526_2496228894,1,0,15
21.0,cluster_12013799527_12013799528_2190601967,4,0,21
21.0,cluster_12013799529_12013799530_473195061,4,0,21
22.0,2496228891,4,0,21
22.0,cluster_12013799525_12013799526_2496228894,0,0,15
22.0,cluster_12013799527_12013799528_2190601967,4,0,21
22.0,cluster_12013799529_12013799530_473195061,4,0,21
23.0,2496228891,3,0,15
23.0,cluster_12013799525_12013799526_2496228894,0,0,15
23.0,cluster_12013799527_12013799528_2190601967,4,0,21
23.0,cluster_12013799529_12013799530_473195061,3,0,15
24.0,2496228891,5,0,23
24.0,cluster_12013799525_12013799526_2496228894,0,0,15
24.0,cluster_12013799527_12013799528_2190601967,4,0,21
24.0,cluster_12013799529_12013799530_473195061,3,0,15
25.0,2496228891,5,0,21
25.0,cluster_12013799525_12013799526_2496228894,0,0,15
25.0,cluster_12013799527_12013799528_2190601967,5,0,23
25.0,cluster_12013799529_12013799530_473195061,3,0,15
26.0,2496228891,6,0,23
26.0,cluster_12013799525_12013799526_2496228894,0,0,15
26.0,cluster_12013799527_12013799528_2190601967,4,0,21
26.0,cluster_12013799529_12013799530_473195061,2,0,15
27.0,2496228891,6,0,21
27.0,cluster_12013799525_12013799526_2496228894,0,0,15
27.0,cluster_12013799527_12013799528_2190601967,4,0,21
27.0,cluster_12013799529_12013799530_473195061,2,0,15
28.0,2496228891,6,0,21
28.0,cluster_12013799525_12013799526_2496228894,0,0,15
28.0,cluster_12013799527_12013799528_2190601967,4,0,21
28.0,cluster_12013799529_12013799530_473195061,2,0,15
29.0,2496228891,6,0,21
29.0,cluster_12013799525_12013799526_2496228894,0,0,15
29.0,cluster_12013799527_12013799528_2190601967,4,0,21
29.0,cluster_12013799529_12013799530_473195061,2,0,15
30.0,2496228891,3,0,15
30.0,cluster_12013799525_12013799526_2496228894,0,0,15
30.0,cluster_12013799527_12013799528_2190601967,3,0,15
30.0,cluster_12013799529_12013799530_473195061,1,0,15
31.0,2496228891,3,0,15
31.0,cluster_12013799525_12013799526_2496228894,0,0,15
31.0,cluster_12013799527_12013799528_2190601967,3,0,15
31.0,cluster_12013799529_12013799530_473195061,1,0,15
32.0,2496228891,2,0,15
32.0,cluster_12013799525_12013799526_2496228894,0,0,15
32.0,cluster_12013799527_12013799528_2190601967,3,0,15
32.0,cluster_12013799529_12013799530_473195061,1,0,15
33.0,2496228891,3,0,15
33.0,cluster_12013799525_12013799526_2496228894,0,0,15
33.0,cluster_12013799527_12013799528_2190601967,3,0,15
33.0,cluster_12013799529_12013799530_473195061,1,0,15
34.0,2496228891,4,0,23
34.0,cluster_12013799525_12013799526_2496228894,0,0,15
34.0,cluster_12013799527_12013799528_2190601967,3,0,15
34.0,cluster_12013799529_12013799530_473195061,1,0,15
35.0,2496228891,3,0,15
35.0,cluster_12013799525_12013799526_2496228894,0,0,15
35.0,cluster_12013799527_12013799528_2190601967,2,0,15
35.0,cluster_12013799529_12013799530_473195061,0,0,15
36.0,2496228891,2,0,15
36.0,cluster_12013799525_12013799526_2496228894,0,0,15
36.0,cluster_12013799527_12013799528_2190601967,2,0,15
36.0,cluster_12013799529_12013799530_473195061,0,0,15
37.0,2496228891,3,0,15
37.0,cluster_12013799525_12013799526_2496228894,0,0,15
37.0,cluster_12013799527_12013799528_2190601967,1,0,15
37.0,cluster_12013799529_12013799530_473195061,0,0,15
38.0,2496228891,2,0,15
38.0,cluster_12013799525_12013799526_2496228894,0,0,15
38.0,cluster_12013799527_12013799528_2190601967,1,0,15
38.0,cluster_12013799529_12013799530_473195061,0,0,15
39.0,2496228891,2,0,15
39.0,cluster_12013799525_12013799526_2496228894,0,0,15
39.0,cluster_12013799527_12013799528_2190601967,1,0,15
39.0,cluster_12013799529_12013799530_473195061,0,0,15
40.0,2496228891,2,0,15
40.0,cluster_12013799525_12013799526_2496228894,0,0,15
40.0,cluster_12013799527_12013799528_2190601967,1,0,15
40.0,cluster_12013799529_12013799530_473195061,0,0,15
41.0,2496228891,1,0,15
41.0,cluster_12013799525_12013799526_2496228894,0,0,15
41.0,cluster_12013799527_12013799528_2190601967,1,0,15
41.0,cluster_12013799529_12013799530_473195061,0,0,15
42.0,2496228891,0,0,15
42.0,cluster_12013799525_12013799526_2496228894,0,0,15
42.0,cluster_12013799527_12013799528_2190601967,0,0,15
42.0,cluster_12013799529_12013799530_473195061,0,0,15
46.0,2496228891,3,2,15
46.0,cluster_12013799525_12013799526_2496228894,5,2,21
46.0,cluster_12013799527_12013799528_2190601967,2,2,15
46.0,cluster_12013799529_12013799530_473195061,6,2,21
47.0,2496228891,2,2,15
47.0,cluster_12013799525_12013799526_2496228894,3,2,15
47.0,cluster_12013799527_12013799528_2190601967,2,2,15
47.0,cluster_12013799529_12013799530_473195061,4,2,21
48.0,2496228891,2,2,15
48.0,cluster_12013799525_12013799526_2496228894,3,2,15
48.0,cluster_12013799527_12013799528_2190601967,2,2,15
48.0,cluster_12013799529_12013799530_473195061,4,2,21
49.0,2496228891,2,2,15
49.0,cluster_12013799525_12013799526_2496228894,3,2,15
49.0,cluster_12013799527_12013799528_2190601967,2,2,15
49.0,cluster_12013799529_12013799530_473195061,4,2,21
50.0,2496228891,2,2,15
50.0,cluster_12013799525_12013799526_2496228894,3,2,15
50.0,cluster_12013799527_12013799528_2190601967,2,2,15
50.0,cluster_12013799529_12013799530_473195061,4,2,21
51.0,2496228891,1,2,15
51.0,cluster_12013799525_12013799526_2496228894,2,2,15
51.0,cluster_12013799527_12013799528_2190601967,1,2,15
51.0,cluster_12013799529_12013799530_473195061,3,2,15
52.0,2496228891,1,2,15
52.0,cluster_12013799525_12013799526_2496228894,2,2,15
52.0,cluster_12013799527_12013799528_2190601967,1,2,15
52.0,cluster_12013799529_12013799530_473195061,3,2,15
53.0,2496228891,1,2,15
53.0,cluster_12013799525_12013799526_2496228894,2,2,15
53.0,cluster_12013799527_12013799528_2190601967,1,2,15
53.0,cluster_12013799529_12013799530_473195061,2,2,15
54.0,2496228891,0,2,15
54.0,cluster_12013799525_12013799526_2496228894,2,2,15
54.0,cluster_12013799527_12013799528_2190601967,0,2,15
54.0,cluster_12013799529_12013799530_473195061,3,2,15
55.0,2496228891,0,2,15
55.0,cluster_12013799525_12013799526_2496228894,2,2,15
55.0,cluster_12013799527_12013799528_2190601967,0,2,15
55.0,cluster_12013799529_12013799530_473195061,3,2,15
56.0,2496228891,0,2,15
56.0,cluster_12013799525_12013799526_2496228894,3,2,15
56.0,cluster_12013799527_12013799528_2190601967,0,2,15
56.0,cluster_12013799529_12013799530_473195061,3,2,15
57.0,2496228891,0,2,15
57.0,cluster_12013799525_12013799526_2496228894,3,2,15
57.0,cluster_12013799527_12013799528_2190601967,0,2,15
57.0,cluster_12013799529_12013799530_473195061,3,2,15
58.0,2496228891,0,2,15
58.0,cluster_12013799525_12013799526_2496228894,3,2,15
58.0,cluster_12013799527_12013799528_2190601967,0,2,15
58.0,cluster_12013799529_12013799530_473195061,3,2,15
59.0,2496228891,0,2,15
59.0,cluster_12013799525_12013799526_2496228894,3,2,15
59.0,cluster_12013799527_12013799528_2190601967,0,2,15
59.0,cluster_12013799529_12013799530_473195061,3,2,15
60.0,2496228891,0,2,15
60.0,cluster_12013799525_12013799526_2496228894,3,2,15
60.0,cluster_12013799527_12013799528_2190601967,0,2,15
60.0,cluster_12013799529_12013799530_473195061,3,2,15
61.0,2496228891,0,2,15
61.0,cluster_12013799525_12013799526_2496228894,2,2,15
61.0,cluster_12013799527_12013799528_2190601967,0,2,15
61.0,cluster_12013799529_12013799530_473195061,2,2,15
62.0,2496228891,0,2,15
62.0,cluster_12013799525_12013799526_2496228894,2,2,15
62.0,cluster_12013799527_12013799528_2190601967,0,2,15
62.0,cluster_12013799529_12013799530_473195061,2,2,15
63.0,2496228891,0,2,15
63.0,cluster_12013799525_12013799526_2496228894,2,2,15
63.0,cluster_12013799527_12013799528_2190601967,0,2,15
63.0,cluster_12013799529_12013799530_473195061,2,2,15
64.0,2496228891,0,2,15
64.0,cluster_12013799525_12013799526_2496228894,2,2,15
64.0,cluster_12013799527_12013799528_2190601967,0,2,15
64.0,cluster_12013799529_12013799530_473195061,1,2,15
65.0,2496228891,0,2,15
65.0,cluster_12013799525_12013799526_2496228894,2,2,15
65.0,cluster_12013799527_12013799528_2190601967,0,2,15
65.0,cluster_12013799529_12013799530_473195061,1,2,15
66.0,2496228891,0,2,15
66.0,cluster_12013799525_12013799526_2496228894,2,2,15
66.0,cluster_12013799527_12013799528_2190601967,0,2,15
66.0,cluster_12013799529_12013799530_473195061,0,2,15
67.0,2496228891,0,2,15
67.0,cluster_12013799525_12013799526_2496228894,2,2,15
67.0,cluster_12013799527_12013799528_2190601967,0,2,15
67.0,cluster_12013799529_12013799530_473195061,0,2,15
68.0,2496228891,0,2,15
68.0,cluster_12013799525_12013799526_2496228894,1,2,15
68.0,cluster_12013799527_12013799528_2190601967,0,2,15
68.0,cluster_12013799529_12013799530_473195061,0,2,15
69.0,2496228891,0,2,15
69.0,cluster_12013799525_12013799526_2496228894,1,2,15
69.0,cluster_12013799527_12013799528_2190601967,0,2,15
69.0,cluster_12013799529_12013799530_473195061,0,2,15
70.0,2496228891,0,2,15
70.0,cluster_12013799525_12013799526_2496228894,0,2,15
70.0,cluster_12013799527_12013799528_2190601967,1,2,15
70.0,cluster_12013799529_12013799530_473195061,0,2,15
71.0,2496228891,0,2,15
71.0,cluster_12013799525_12013799526_2496228894,0,2,15
71.0,cluster_12013799527_12013799528_2190601967,1,2,15
71.0,cluster_12013799529_12013799530_473195061,0,2,15
72.0,2496228891,0,2,15
72.0,cluster_12013799525_12013799526_2496228894,0,2,15
72.0,cluster_12013799527_12013799528_2190601967,2,2,15
72.0,cluster_12013799529_12013799530_473195061,0,2,15
73.0,2496228891,0,2,15
73.0,cluster_12013799525_12013799526_2496228894,0,2,15
73.0,cluster_12013799527_12013799528_2190601967,2,2,15
73.0,cluster_12013799529_12013799530_473195061,0,2,15
74.0,2496228891,0,2,15
74.0,cluster_12013799525_12013799526_2496228894,0,2,15
74.0,cluster_12013799527_12013799528_2190601967,2,2,15
74.0,cluster_12013799529_12013799530_473195061,0,2,15
75.0,2496228891,0,2,15
75.0,cluster_12013799525_12013799526_2496228894,0,2,15
75.0,cluster_12013799527_12013799528_2190601967,2,2,15
75.0,cluster_12013799529_12013799530_473195061,0,2,15
76.0,2496228891,0,2,15
76.0,cluster_12013799525_12013799526_2496228894,0,2,15
76.0,cluster_12013799527_12013799528_2190601967,2,2,15
76.0,cluster_12013799529_12013799530_473195061,0,2,15
77.0,2496228891,0,2,15
77.0,cluster_12013799525_12013799526_2496228894,0,2,15
77.0,cluster_12013799527_12013799528_2190601967,2,2,15
77.0,cluster_12013799529_12013799530_473195061,0,2,15
78.0,2496228891,0,2,15
78.0,cluster_12013799525_12013799526_2496228894,0,2,15
78.0,cluster_12013799527_12013799528_2190601967,0,2,15
78.0,cluster_12013799529_12013799530_473195061,0,2,15
79.0,2496228891,0,2,15
79.0,cluster_12013799525_12013799526_2496228894,0,2,15
79.0,cluster_12013799527_12013799528_2190601967,2,2,15
79.0,cluster_12013799529_12013799530_473195061,0,2,15
80.0,2496228891,0,2,15
80.0,cluster_12013799525_12013799526_2496228894,0,2,15
80.0,cluster_12013799527_12013799528_2190601967,2,2,15
80.0,cluster_12013799529_12013799530_473195061,0,2,15
81.0,2496228891,0,2,15
81.0,cluster_12013799525_12013799526_2496228894,0,2,15
81.0,cluster_12013799527_12013799528_2190601967,2,2,15
81.0,cluster_12013799529_12013799530_473195061,0,2,15
82.0,2496228891,0,2,15
82.0,cluster_12013799525_12013799526_2496228894,0,2,15
82.0,cluster_12013799527_12013799528_2190601967,2,2,15
82.0,cluster_12013799529_12013799530_473195061,0,2,15
83.0,2496228891,0,2,15
83.0,cluster_12013799525_12013799526_2496228894,0,2,15
83.0,cluster_12013799527_12013799528_2190601967,1,2,15
83.0,cluster_12013799529_12013799530_473195061,0,2,15
84.0,2496228891,0,2,15
84.0,cluster_12013799525_12013799526_2496228894,0,2,15
84.0,cluster_12013799527_12013799528_2190601967,1,2,15
84.0,cluster_12013799529_12013799530_473195061,0,2,15
85.0,2496228891,0,2,15
85.0,cluster_12013799525_12013799526_2496228894,0,2,15
85.0,cluster_12013799527_12013799528_2190601967,1,2,15
85.0,cluster_12013799529_12013799530_473195061,1,2,15
86.0,2496228891,0,2,15
86.0,cluster_12013799525_12013799526_2496228894,0,2,15
86.0,cluster_12013799527_12013799528_2190601967,0,2,15
86.0,cluster_12013799529_12013799530_473195061,1,2,15
87.0,2496228891,0,2,15
87.0,cluster_12013799525_12013799526_2496228894,0,2,15
87.0,cluster_12013799527_12013799528_2190601967,0,2,15
87.0,cluster_12013799529_12013799530_473195061,1,2,15
91.0,2496228891,6,0,21
91.0,cluster_12013799525_12013799526_2496228894,0,0,15
91.0,cluster_12013799527_12013799528_2190601967,0,0,15
91.0,cluster_12013799529_12013799530_473195061,0,0,15
92.0,2496228891,4,0,21
92.0,cluster_12013799525_12013799526_2496228894,0,0,15
92.0,cluster_12013799527_12013799528_2190601967,0,0,15
92.0,cluster_12013799529_12013799530_473195061,0,0,15
93.0,2496228891,3,0,15
93.0,cluster_12013799525_12013799526_2496228894,0,0,15
93.0,cluster_12013799527_12013799528_2190601967,0,0,15
93.0,cluster_12013799529_12013799530_473195061,0,0,15
94.0,2496228891,4,0,23
94.0,cluster_12013799525_12013799526_2496228894,0,0,15
94.0,cluster_12013799527_12013799528_2190601967,0,0,15
94.0,cluster_12013799529_12013799530_473195061,0,0,15
95.0,2496228891,4,0,21
95.0,cluster_12013799525_12013799526_2496228894,0,0,15
95.0,cluster_12013799527_12013799528_2190601967,0,0,15
95.0,cluster_12013799529_12013799530_473195061,0,0,15
96.0,2496228891,2,0,15
96.0,cluster_12013799525_12013799526_2496228894,0,0,15
96.0,cluster_12013799527_12013799528_2190601967,0,0,15
96.0,cluster_12013799529_12013799530_473195061,0,0,15
97.0,2496228891,2,0,15
97.0,cluster_12013799525_12013799526_2496228894,0,0,15
97.0,cluster_12013799527_12013799528_2190601967,0,0,15
97.0,cluster_12013799529_12013799530_473195061,0,0,15
98.0,2496228891,2,0,15
98.0,cluster_12013799525_12013799526_2496228894,0,0,15
98.0,cluster_12013799527_12013799528_2190601967,0,0,15
98.0,cluster_12013799529_12013799530_473195061,0,0,15
99.0,2496228891,1,0,15
99.0,cluster_12013799525_12013799526_2496228894,0,0,15
99.0,cluster_12013799527_12013799528_2190601967,0,0,15
99.0,cluster_12013799529_12013799530_473195061,0,0,15
100.0,2496228891,1,0,15
100.0,cluster_12013799525_12013799526_2496228894,0,0,15
100.0,cluster_12013799527_12013799528_2190601967,0,0,15
100.0,cluster_12013799529_12013799530_473195061,0,0,15
101.0,2496228891,0,0,15
101.0,cluster_12013799525_12013799526_2496228894,0,0,15
101.0,cluster_12013799527_12013799528_2190601967,0,0,15
101.0,cluster_12013799529_12013799530_473195061,0,0,15
102.0,2496228891,0,0,15
102.0,cluster_12013799525_12013799526_2496228894,0,0,15
102.0,cluster_12013799527_12013799528_2190601967,0,0,15
102.0,cluster_12013799529_12013799530_473195061,0,0,15
103.0,2496228891,0,0,15
103.0,cluster_12013799525_12013799526_2496228894,0,0,15
103.0,cluster_12013799527_12013799528_2190601967,0,0,15
103.0,cluster_12013799529_12013799530_473195061,0,0,15
104.0,2496228891,0,0,15
104.0,cluster_12013799525_12013799526_2496228894,0,0,15
104.0,cluster_12013799527_12013799528_2190601967,0,0,15
104.0,cluster_12013799529_12013799530_473195061,0,0,15
105.0,2496228891,0,0,15
105.0,cluster_12013799525_12013799526_2496228894,0,0,15
105.0,cluster_12013799527_12013799528_2190601967,0,0,15
105.0,cluster_12013799529_12013799530_473195061,0,0,15
106.0,2496228891,0,0,15
106.0,cluster_12013799525_12013799526_2496228894,0,0,15
106.0,cluster_12013799527_12013799528_2190601967,0,0,15
106.0,cluster_12013799529_12013799530_473195061,0,0,15
107.0,2496228891,0,0,15
107.0,cluster_12013799525_12013799526_2496228894,0,0,15
107.0,cluster_12013799527_12013799528_2190601967,0,0,15
107.0,cluster_12013799529_12013799530_473195061,0,0,15
108.0,2496228891,0,0,15
108.0,cluster_12013799525_12013799526_2496228894,0,0,15
108.0,cluster_12013799527_12013799528_2190601967,0,0,15
108.0,cluster_12013799529_12013799530_473195061,0,0,15
109.0,2496228891,0,0,15
109.0,cluster_12013799525_12013799526_2496228894,0,0,15
109.0,cluster_12013799527_12013799528_2190601967,0,0,15
109.0,cluster_12013799529_12013799530_473195061,0,0,15
110.0,2496228891,0,0,15
110.0,cluster_12013799525_12013799526_2496228894,0,0,15
110.0,cluster_12013799527_12013799528_2190601967,0,0,15
110.0,cluster_12013799529_12013799530_473195061,0,0,15
111.0,2496228891,0,0,15
111.0,cluster_12013799525_12013799526_2496228894,0,0,15
111.0,cluster_12013799527_12013799528_2190601967,0,0,15
111.0,cluster_12013799529_12013799530_473195061,0,0,15
112.0,2496228891,0,0,15
112.0,cluster_12013799525_12013799526_2496228894,0,0,15
112.0,cluster_12013799527_12013799528_2190601967,0,0,15
112.0,cluster_12013799529_12013799530_473195061,0,0,15
113.0,2496228891,0,0,15
113.0,cluster_12013799525_12013799526_2496228894,0,0,15
113.0,cluster_12013799527_12013799528_2190601967,0,0,15
113.0,cluster_12013799529_12013799530_473195061,0,0,15
114.0,2496228891,0,0,15
114.0,cluster_12013799525_12013799526_2496228894,0,0,15
114.0,cluster_12013799527_12013799528_2190601967,0,0,15
114.0,cluster_12013799529_12013799530_473195061,0,0,15
115.0,2496228891,0,0,15
115.0,cluster_12013799525_12013799526_2496228894,0,0,15
115.0,cluster_12013799527_12013799528_2190601967,0,0,15
115.0,cluster_12013799529_12013799530_473195061,0,0,15
116.0,2496228891,0,0,15
116.0,cluster_12013799525_12013799526_2496228894,0,0,15
116.0,cluster_12013799527_12013799528_2190601967,0,0,15
116.0,cluster_12013799529_12013799530_473195061,0,0,15
117.0,2496228891,0,0,15
117.0,cluster_12013799525_12013799526_2496228894,0,0,15
117.0,cluster_12013799527_12013799528_2190601967,0,0,15
117.0,cluster_12013799529_12013799530_473195061,0,0,15
118.0,2496228891,0,0,15
118.0,cluster_12013799525_12013799526_2496228894,0,0,15
118.0,cluster_12013799527_12013799528_2190601967,0,0,15
118.0,cluster_12013799529_12013799530_473195061,0,0,15
119.0,2496228891,0,0,15
119.0,cluster_12013799525_12013799526_2496228894,0,0,15
119.0,cluster_12013799527_12013799528_2190601967,0,0,15
119.0,cluster_12013799529_12013799530_473195061,0,0,15
120.0,2496228891,0,0,15
120.0,cluster_12013799525_12013799526_2496228894,0,0,15
120.0,cluster_12013799527_12013799528_2190601967,0,0,15
120.0,cluster_12013799529_12013799530_473195061,0,0,15
121.0,2496228891,0,0,15
121.0,cluster_12013799525_12013799526_2496228894,0,0,15
121.0,cluster_12013799527_12013799528_2190601967,0,0,15
121.0,cluster_12013799529_12013799530_473195061,0,0,15
122.0,2496228891,0,0,15
122.0,cluster_12013799525_12013799526_2496228894,0,0,15
122.0,cluster_12013799527_12013799528_2190601967,0,0,15
122.0,cluster_12013799529_12013799530_473195061,0,0,15
123.0,2496228891,0,0,15
123.0,cluster_12013799525_12013799526_2496228894,0,0,15
123.0,cluster_12013799527_12013799528_2190601967,0,0,15
123.0,cluster_12013799529_12013799530_473195061,0,0,15
124.0,2496228891,0,0,15
124.0,cluster_12013799525_12013799526_2496228894,0,0,15
124.0,cluster_12013799527_12013799528_2190601967,0,0,15
124.0,cluster_12013799529_12013799530_473195061,0,0,15
125.0,2496228891,0,0,15
125.0,cluster_12013799525_12013799526_2496228894,0,0,15
125.0,cluster_12013799527_12013799528_2190601967,0,0,15
125.0,cluster_12013799529_12013799530_473195061,0,0,15
126.0,2496228891,0,0,15
126.0,cluster_12013799525_12013799526_2496228894,0,0,15
126.0,cluster_12013799527_12013799528_2190601967,0,0,15
126.0,cluster_12013799529_12013799530_473195061,0,0,15
127.0,2496228891,0,0,15
127.0,cluster_12013799525_12013799526_2496228894,0,0,15
127.0,cluster_12013799527_12013799528_2190601967,0,0,15
127.0,cluster_12013799529_12013799530_473195061,0,0,15
128.0,2496228891,0,0,15
128.0,cluster_12013799525_12013799526_2496228894,0,0,15
128.0,cluster_12013799527_12013799528_2190601967,0,0,15
128.0,cluster_12013799529_12013799530_473195061,0,0,15
129.0,2496228891,0,0,15
129.0,cluster_12013799525_12013799526_2496228894,0,0,15
129.0,cluster_12013799527_12013799528_2190601967,0,0,15
129.0,cluster_12013799529_12013799530_473195061,0,0,15
130.0,2496228891,0,0,15
130.0,cluster_12013799525_12013799526_2496228894,0,0,15
130.0,cluster_12013799527_12013799528_2190601967,0,0,15
130.0,cluster_12013799529_12013799530_473195061,0,0,15
131.0,2496228891,0,0,15
131.0,cluster_12013799525_12013799526_2496228894,0,0,15
131.0,cluster_12013799527_12013799528_2190601967,0,0,15
131.0,cluster_12013799529_12013799530_473195061,0,0,15
132.0,2496228891,0,0,15
132.0,cluster_12013799525_12013799526_2496228894,0,0,15
132.0,cluster_12013799527_12013799528_2190601967,0,0,15
132.0,cluster_12013799529_12013799530_473195061,0,0,15
136.0,2496228891,0,2,15
136.0,cluster_12013799525_12013799526_2496228894,4,2,21
136.0,cluster_12013799527_12013799528_2190601967,0,2,15
136.0,cluster_12013799529_12013799530_473195061,0,2,15
137.0,2496228891,0,2,15
137.0,cluster_12013799525_12013799526_2496228894,2,2,15
137.0,cluster_12013799527_12013799528_2190601967,0,2,15
137.0,cluster_12013799529_12013799530_473195061,0,2,15
138.0,2496228891,0,2,15
138.0,cluster_12013799525_12013799526_2496228894,2,2,15
138.0,cluster_12013799527_12013799528_2190601967,0,2,15
138.0,cluster_12013799529_12013799530_473195061,0,2,15
139.0,2496228891,0,2,15
139.0,cluster_12013799525_12013799526_2496228894,2,2,15
139.0,cluster_12013799527_12013799528_2190601967,0,2,15
139.0,cluster_12013799529_12013799530_473195061,0,2,15
140.0,2496228891,1,2,15
140.0,cluster_12013799525_12013799526_2496228894,3,2,15
140.0,cluster_12013799527_12013799528_2190601967,1,2,15
140.0,cluster_12013799529_12013799530_473195061,1,2,15
141.0,2496228891,1,2,15
141.0,cluster_12013799525_12013799526_2496228894,1,2,15
141.0,cluster_12013799527_12013799528_2190601967,2,2,15
141.0,cluster_12013799529_12013799530_473195061,1,2,15
142.0,2496228891,1,2,15
142.0,cluster_12013799525_12013799526_2496228894,1,2,15
142.0,cluster_12013799527_12013799528_2190601967,2,2,15
142.0,cluster_12013799529_12013799530_473195061,1,2,15
143.0,2496228891,1,2,15
143.0,cluster_12013799525_12013799526_2496228894,1,2,15
143.0,cluster_12013799527_12013799528_2190601967,2,2,15
143.0,cluster_12013799529_12013799530_473195061,1,2,15
144.0,2496228891,2,2,15
144.0,cluster_12013799525_12013799526_2496228894,2,2,15
144.0,cluster_12013799527_12013799528_2190601967,3,2,15
144.0,cluster_12013799529_12013799530_473195061,2,2,15
145.0,2496228891,2,2,15
145.0,cluster_12013799525_12013799526_2496228894,2,2,15
145.0,cluster_12013799527_12013799528_2190601967,3,2,15
145.0,cluster_12013799529_12013799530_473195061,2,2,15
146.0,2496228891,2,2,15
146.0,cluster_12013799525_12013799526_2496228894,2,2,15
146.0,cluster_12013799527_12013799528_2190601967,3,2,15
146.0,cluster_12013799529_12013799530_473195061,2,2,15
147.0,2496228891,2,2,15
147.0,cluster_12013799525_12013799526_2496228894,2,2,15
147.0,cluster_12013799527_12013799528_2190601967,2,2,15
147.0,cluster_12013799529_12013799530_473195061,2,2,15
148.0,2496228891,2,2,15
148.0,cluster_12013799525_12013799526_2496228894,2,2,15
148.0,cluster_12013799527_12013799528_2190601967,4,2,23
148.0,cluster_12013799529_12013799530_473195061,2,2,15
149.0,2496228891,3,2,15
149.0,cluster_12013799525_12013799526_2496228894,3,2,15
149.0,cluster_12013799527_12013799528_2190601967,4,2,21
149.0,cluster_12013799529_12013799530_473195061,3,2,15
150.0,2496228891,3,2,15
150.0,cluster_12013799525_12013799526_2496228894,3,2,15
150.0,cluster_12013799527_12013799528_2190601967,4,2,21
150.0,cluster_12013799529_12013799530_473195061,3,2,15
151.0,2496228891,3,2,15
151.0,cluster_12013799525_12013799526_2496228894,3,2,15
151.0,cluster_12013799527_12013799528_2190601967,4,2,21
151.0,cluster_12013799529_12013799530_473195061,3,2,15
152.0,2496228891,2,2,15
152.0,cluster_12013799525_12013799526_2496228894,2,2,15
152.0,cluster_12013799527_12013799528_2190601967,5,2,23
152.0,cluster_12013799529_12013799530_473195061,3,2,15
153.0,2496228891,3,2,15
153.0,cluster_12013799525_12013799526_2496228894,3,2,15
153.0,cluster_12013799527_12013799528_2190601967,4,2,21
153.0,cluster_12013799529_12013799530_473195061,4,2,23
154.0,2496228891,3,2,15
154.0,cluster_12013799525_12013799526_2496228894,3,2,15
154.0,cluster_12013799527_12013799528_2190601967,4,2,21
154.0,cluster_12013799529_12013799530_473195061,4,2,21
155.0,2496228891,3,2,15
155.0,cluster_12013799525_12013799526_2496228894,3,2,15
155.0,cluster_12013799527_12013799528_2190601967,4,2,21
155.0,cluster_12013799529_12013799530_473195061,4,2,21
156.0,2496228891,1,2,15
156.0,cluster_12013799525_12013799526_2496228894,1,2,15
156.0,cluster_12013799527_12013799528_2190601967,4,2,21
156.0,cluster_12013799529_12013799530_473195061,4,2,21
157.0,2496228891,2,2,15
157.0,cluster_12013799525_12013799526_2496228894,3,2,15
157.0,cluster_12013799527_12013799528_2190601967,4,2,21
157.0,cluster_12013799529_12013799530_473195061,5,2,23
158.0,2496228891,2,2,15
158.0,cluster_12013799525_12013799526_2496228894,3,2,15
158.0,cluster_12013799527_12013799528_2190601967,4,2,21
158.0,cluster_12013799529_12013799530_473195061,5,2,21
159.0,2496228891,2,2,15
159.0,cluster_12013799525_12013799526_2496228894,3,2,15
159.0,cluster_12013799527_12013799528_2190601967,4,2,21
159.0,cluster_12013799529_12013799530_473195061,5,2,21
160.0,2496228891,1,2,15
160.0,cluster_12013799525_12013799526_2496228894,2,2,15
160.0,cluster_12013799527_12013799528_2190601967,4,2,21
160.0,cluster_12013799529_12013799530_473195061,5,2,21
161.0,2496228891,1,2,15
161.0,cluster_12013799525_12013799526_2496228894,2,2,15
161.0,cluster_12013799527_12013799528_2190601967,4,2,21
161.0,cluster_12013799529_12013799530_473195061,6,2,23
162.0,2496228891,1,2,15
162.0,cluster_12013799525_12013799526_2496228894,3,2,15
162.0,cluster_12013799527_12013799528_2190601967,4,2,21
162.0,cluster_12013799529_12013799530_473195061,6,2,21
163.0,2496228891,1,2,15
163.0,cluster_12013799525_12013799526_2496228894,3,2,15
163.0,cluster_12013799527_12013799528_2190601967,4,2,21
163.0,cluster_12013799529_12013799530_473195061,6,2,21
164.0,2496228891,1,2,15
164.0,cluster_12013799525_12013799526_2496228894,3,2,15
164.0,cluster_12013799527_12013799528_2190601967,4,2,21
164.0,cluster_12013799529_12013799530_473195061,6,2,21
165.0,2496228891,1,2,15
165.0,cluster_12013799525_12013799526_2496228894,3,2,15
165.0,cluster_12013799527_12013799528_2190601967,4,2,21
165.0,cluster_12013799529_12013799530_473195061,7,2,23
166.0,2496228891,0,2,15
166.0,cluster_12013799525_12013799526_2496228894,1,2,15
166.0,cluster_12013799527_12013799528_2190601967,4,2,21
166.0,cluster_12013799529_12013799530_473195061,7,2,21
167.0,2496228891,0,2,15
167.0,cluster_12013799525_12013799526_2496228894,1,2,15
167.0,cluster_12013799527_12013799528_2190601967,4,2,21
167.0,cluster_12013799529_12013799530_473195061,7,2,21
168.0,2496228891,0,2,15
168.0,cluster_12013799525_12013799526_2496228894,2,2,15
168.0,cluster_12013799527_12013799528_2190601967,4,2,21
168.0,cluster_12013799529_12013799530_473195061,7,2,21
169.0,2496228891,0,2,15
169.0,cluster_12013799525_12013799526_2496228894,2,2,15
169.0,cluster_12013799527_12013799528_2190601967,4,2,21
169.0,cluster_12013799529_12013799530_473195061,7,2,21
170.0,2496228891,0,2,15
170.0,cluster_12013799525_12013799526_2496228894,2,2,15
170.0,cluster_12013799527_12013799528_2190601967,4,2,21
170.0,cluster_12013799529_12013799530_473195061,7,2,21
171.0,2496228891,0,2,15
171.0,cluster_12013799525_12013799526_2496228894,2,2,15
171.0,cluster_12013799527_12013799528_2190601967,4,2,21
171.0,cluster_12013799529_12013799530_473195061,7,2,21
172.0,2496228891,0,2,15
172.0,cluster_12013799525_12013799526_2496228894,1,2,15
172.0,cluster_12013799527_12013799528_2190601967,4,2,21
172.0,cluster_12013799529_12013799530_473195061,7,2,21
173.0,2496228891,0,2,15
173.0,cluster_12013799525_12013799526_2496228894,1,2,15
173.0,cluster_12013799527_12013799528_2190601967,5,2,23
173.0,cluster_12013799529_12013799530_473195061,7,2,21
174.0,2496228891,0,2,15
174.0,cluster_12013799525_12013799526_2496228894,1,2,15
174.0,cluster_12013799527_12013799528_2190601967,5,2,21
174.0,cluster_12013799529_12013799530_473195061,7,2,21
175.0,2496228891,0,2,15
175.0,cluster_12013799525_12013799526_2496228894,1,2,15
175.0,cluster_12013799527_12013799528_2190601967,5,2,21
175.0,cluster_12013799529_12013799530_473195061,7,2,21
176.0,2496228891,0,2,15
176.0,cluster_12013799525_12013799526_2496228894,1,2,15
176.0,cluster_12013799527_12013799528_2190601967,5,2,21
176.0,cluster_12013799529_12013799530_473195061,7,2,21
177.0,2496228891,0,2,15
177.0,cluster_12013799525_12013799526_2496228894,1,2,15
177.0,cluster_12013799527_12013799528_2190601967,5,2,21
177.0,cluster_12013799529_12013799530_473195061,7,2,21
181.0,2496228891,4,0,21
181.0,cluster_12013799525_12013799526_2496228894,4,0,21
181.0,cluster_12013799527_12013799528_2190601967,6,0,21
181.0,cluster_12013799529_12013799530_473195061,4,0,21
182.0,2496228891,4,0,21
182.0,cluster_12013799525_12013799526_2496228894,3,0,15
182.0,cluster_12013799527_12013799528_2190601967,6,0,21
182.0,cluster_12013799529_12013799530_473195061,4,0,21
183.0,2496228891,4,0,21
183.0,cluster_12013799525_12013799526_2496228894,3,0,15
183.0,cluster_12013799527_12013799528_2190601967,6,0,21
183.0,cluster_12013799529_12013799530_473195061,4,0,21
184.0,2496228891,4,0,21
184.0,cluster_12013799525_12013799526_2496228894,3,0,15
184.0,cluster_12013799527_12013799528_2190601967,6,0,21
184.0,cluster_12013799529_12013799530_473195061,4,0,21
185.0,2496228891,3,0,15
185.0,cluster_12013799525_12013799526_2496228894,2,0,15
185.0,cluster_12013799527_12013799528_2190601967,6,0,21
185.0,cluster_12013799529_12013799530_473195061,3,0,15
186.0,2496228891,5,0,23
186.0,cluster_12013799525_12013799526_2496228894,2,0,15
186.0,cluster_12013799527_12013799528_2190601967,5,0,21
186.0,cluster_12013799529_12013799530_473195061,3,0,15
187.0,2496228891,5,0,21
187.0,cluster_12013799525_12013799526_2496228894,2,0,15
187.0,cluster_12013799527_12013799528_2190601967,5,0,21
187.0,cluster_12013799529_12013799530_473195061,3,0,15
188.0,2496228891,4,0,21
188.0,cluster_12013799525_12013799526_2496228894,1,0,15
188.0,cluster_12013799527_12013799528_2190601967,5,0,21
188.0,cluster_12013799529_12013799530_473195061,2,0,15
189.0,2496228891,6,0,23
189.0,cluster_12013799525_12013799526_2496228894,1,0,15
189.0,cluster_12013799527_12013799528_2190601967,4,0,21
189.0,cluster_12013799529_12013799530_473195061,2,0,15
190.0,2496228891,6,0,21
190.0,cluster_12013799525_12013799526_2496228894,1,0,15
190.0,cluster_12013799527_12013799528_2190601967,4,0,21
190.0,cluster_12013799529_12013799530_473195061,2,0,15
191.0,2496228891,3,0,15
191.0,cluster_12013799525_12013799526_2496228894,0,0,15
191.0,cluster_12013799527_12013799528_2190601967,3,0,15
191.0,cluster_12013799529_12013799530_473195061,1,0,15
192.0,2496228891,4,0,23
192.0,cluster_12013799525_12013799526_2496228894,0,0,15
192.0,cluster_12013799527_12013799528_2190601967,3,0,15
192.0,cluster_12013799529_12013799530_473195061,1,0,15
193.0,2496228891,1,0,15
193.0,cluster_12013799525_12013799526_2496228894,0,0,15
193.0,cluster_12013799527_12013799528_2190601967,2,0,15
193.0,cluster_12013799529_12013799530_473195061,0,0,15
194.0,2496228891,2,0,15
194.0,cluster_12013799525_12013799526_2496228894,0,0,15
194.0,cluster_12013799527_12013799528_2190601967,2,0,15
194.0,cluster_12013799529_12013799530_473195061,0,0,15
195.0,2496228891,2,0,15
195.0,cluster_12013799525_12013799526_2496228894,0,0,15
195.0,cluster_12013799527_12013799528_2190601967,2,0,15
195.0,cluster_12013799529_12013799530_473195061,0,0,15
196.0,2496228891,3,0,15
196.0,cluster_12013799525_12013799526_2496228894,0,0,15
196.0,cluster_12013799527_12013799528_2190601967,1,0,15
196.0,cluster_12013799529_12013799530_473195061,0,0,15
197.0,2496228891,2,0,15
197.0,cluster_12013799525_12013799526_2496228894,0,0,15
197.0,cluster_12013799527_12013799528_2190601967,1,0,15
197.0,cluster_12013799529_12013799530_473195061,0,0,15
198.0,2496228891,2,0,15
198.0,cluster_12013799525_12013799526_2496228894,0,0,15
198.0,cluster_12013799527_12013799528_2190601967,0,0,15
198.0,cluster_12013799529_12013799530_473195061,0,0,15
199.0,2496228891,3,0,15
199.0,cluster_12013799525_12013799526_2496228894,0,0,15
199.0,cluster_12013799527_12013799528_2190601967,0,0,15
199.0,cluster_12013799529_12013799530_473195061,0,0,15
200.0,2496228891,2,0,15
200.0,cluster_12013799525_12013799526_2496228894,0,0,15
200.0,cluster_12013799527_12013799528_2190601967,0,0,15
200.0,cluster_12013799529_12013799530_473195061,0,0,15
201.0,2496228891,3,0,15
201.0,cluster_12013799525_12013799526_2496228894,0,0,15
201.0,cluster_12013799527_12013799528_2190601967,0,0,15
201.0,cluster_12013799529_12013799530_473195061,0,0,15
202.0,2496228891,2,0,15
202.0,cluster_12013799525_12013799526_2496228894,0,0,15
202.0,cluster_12013799527_12013799528_2190601967,0,0,15
202.0,cluster_12013799529_12013799530_473195061,0,0,15
203.0,2496228891,2,0,15
203.0,cluster_12013799525_12013799526_2496228894,0,0,15
203.0,cluster_12013799527_12013799528_2190601967,0,0,15
203.0,cluster_12013799529_12013799530_473195061,0,0,15
204.0,2496228891,2,0,15
204.0,cluster_12013799525_12013799526_2496228894,0,0,15
204.0,cluster_12013799527_12013799528_2190601967,0,0,15
204.0,cluster_12013799529_12013799530_473195061,0,0,15
205.0,2496228891,1,0,15
205.0,cluster_12013799525_12013799526_2496228894,0,0,15
205.0,cluster_12013799527_12013799528_2190601967,0,0,15
205.0,cluster_12013799529_12013799530_473195061,0,0,15
206.0,2496228891,1,0,15
206.0,cluster_12013799525_12013799526_2496228894,0,0,15
206.0,cluster_12013799527_12013799528_2190601967,0,0,15
206.0,cluster_12013799529_12013799530_473195061,0,0,15
207.0,2496228891,0,0,15
207.0,cluster_12013799525_12013799526_2496228894,0,0,15
207.0,cluster_12013799527_12013799528_2190601967,0,0,15
207.0,cluster_12013799529_12013799530_473195061,0,0,15
208.0,2496228891,0,0,15
208.0,cluster_12013799525_12013799526_2496228894,0,0,15
208.0,cluster_12013799527_12013799528_2190601967,0,0,15
208.0,cluster_12013799529_12013799530_473195061,0,0,15
209.0,2496228891,0,0,15
209.0,cluster_12013799525_12013799526_2496228894,0,0,15
209.0,cluster_12013799527_12013799528_2190601967,0,0,15
209.0,cluster_12013799529_12013799530_473195061,0,0,15
210.0,2496228891,0,0,15
210.0,cluster_12013799525_12013799526_2496228894,0,0,15
210.0,cluster_12013799527_12013799528_2190601967,0,0,15
210.0,cluster_12013799529_12013799530_473195061,0,0,15
211.0,2496228891,0,0,15
211.0,cluster_12013799525_12013799526_2496228894,0,0,15
211.0,cluster_12013799527_12013799528_2190601967,0,0,15
211.0,cluster_12013799529_12013799530_473195061,0,0,15
212.0,2496228891,0,0,15
212.0,cluster_12013799525_12013799526_2496228894,0,0,15
212.0,cluster_12013799527_12013799528_2190601967,0,0,15
212.0,cluster_12013799529_12013799530_473195061,0,0,15
213.0,2496228891,0,0,15
213.0,cluster_12013799525_12013799526_2496228894,0,0,15
213.0,cluster_12013799527_12013799528_2190601967,0,0,15
213.0,cluster_12013799529_12013799530_473195061,0,0,15
214.0,2496228891,0,0,15
214.0,cluster_12013799525_12013799526_2496228894,0,0,15
214.0,cluster_12013799527_12013799528_2190601967,0,0,15
214.0,cluster_12013799529_12013799530_473195061,0,0,15
215.0,2496228891,0,0,15
215.0,cluster_12013799525_12013799526_2496228894,0,0,15
215.0,cluster_12013799527_12013799528_2190601967,0,0,15
215.0,cluster_12013799529_12013799530_473195061,0,0,15
216.0,2496228891,0,0,15
216.0,cluster_12013799525_12013799526_2496228894,0,0,15
216.0,cluster_12013799527_12013799528_2190601967,0,0,15
216.0,cluster_12013799529_12013799530_473195061,0,0,15
217.0,2496228891,0,0,15
217.0,cluster_12013799525_12013799526_2496228894,0,0,15
217.0,cluster_12013799527_12013799528_2190601967,0,0,15
217.0,cluster_12013799529_12013799530_473195061,0,0,15
218.0,2496228891,0,0,15
218.0,cluster_12013799525_12013799526_2496228894,0,0,15
218.0,cluster_12013799527_12013799528_2190601967,0,0,15
218.0,cluster_12013799529_12013799530_473195061,0,0,15
219.0,2496228891,0,0,15
219.0,cluster_12013799525_12013799526_2496228894,0,0,15
219.0,cluster_12013799527_12013799528_2190601967,0,0,15
219.0,cluster_12013799529_12013799530_473195061,0,0,15
220.0,2496228891,0,0,15
220.0,cluster_12013799525_12013799526_2496228894,0,0,15
220.0,cluster_12013799527_12013799528_2190601967,0,0,15
220.0,cluster_12013799529_12013799530_473195061,0,0,15
221.0,2496228891,0,0,15
221.0,cluster_12013799525_12013799526_2496228894,0,0,15
221.0,cluster_12013799527_12013799528_2190601967,0,0,15
221.0,cluster_12013799529_12013799530_473195061,0,0,15
222.0,2496228891,0,0,15
222.0,cluster_12013799525_12013799526_2496228894,0,0,15
222.0,cluster_12013799527_12013799528_2190601967,0,0,15
222.0,cluster_12013799529_12013799530_473195061,0,0,15
226.0,2496228891,0,2,15
226.0,cluster_12013799525_12013799526_2496228894,1,2,15
226.0,cluster_12013799527_12013799528_2190601967,5,2,21
226.0,cluster_12013799529_12013799530_473195061,5,2,21
227.0,2496228891,0,2,15
227.0,cluster_12013799525_12013799526_2496228894,1,2,15
227.0,cluster_12013799527_12013799528_2190601967,3,2,15
227.0,cluster_12013799529_12013799530_473195061,4,2,21
228.0,2496228891,0,2,15
228.0,cluster_12013799525_12013799526_2496228894,1,2,15
228.0,cluster_12013799527_12013799528_2190601967,3,2,15
228.0,cluster_12013799529_12013799530_473195061,4,2,21
229.0,2496228891,0,2,15
229.0,cluster_12013799525_12013799526_2496228894,1,2,15
229.0,cluster_12013799527_12013799528_2190601967,3,2,15
229.0,cluster_12013799529_12013799530_473195061,4,2,21
230.0,2496228891,0,2,15
230.0,cluster_12013799525_12013799526_2496228894,0,2,15
230.0,cluster_12013799527_12013799528_2190601967,3,2,15
230.0,cluster_12013799529_12013799530_473195061,3,2,15
231.0,2496228891,0,2,15
231.0,cluster_12013799525_12013799526_2496228894,0,2,15
231.0,cluster_12013799527_12013799528_2190601967,2,2,15
231.0,cluster_12013799529_12013799530_473195061,3,2,15
232.0,2496228891,0,2,15
232.0,cluster_12013799525_12013799526_2496228894,0,2,15
232.0,cluster_12013799527_12013799528_2190601967,2,2,15
232.0,cluster_12013799529_12013799530_473195061,3,2,15
233.0,2496228891,0,2,15
233.0,cluster_12013799525_12013799526_2496228894,0,2,15
233.0,cluster_12013799527_12013799528_2190601967,1,2,15
233.0,cluster_12013799529_12013799530_473195061,3,2,15
234.0,2496228891,0,2,15
234.0,cluster_12013799525_12013799526_2496228894,0,2,15
234.0,cluster_12013799527_12013799528_2190601967,2,2,15
234.0,cluster_12013799529_12013799530_473195061,3,2,15
235.0,2496228891,0,2,15
235.0,cluster_12013799525_12013799526_2496228894,0,2,15
235.0,cluster_12013799527_12013799528_2190601967,2,2,15
235.0,cluster_12013799529_12013799530_473195061,4,2,23
236.0,2496228891,0,2,15
236.0,cluster_12013799525_12013799526_2496228894,0,2,15
236.0,cluster_12013799527_12013799528_2190601967,2,2,15
236.0,cluster_12013799529_12013799530_473195061,3,2,15
237.0,2496228891,0,2,15
237.0,cluster_12013799525_12013799526_2496228894,0,2,15
237.0,cluster_12013799527_12013799528_2190601967,2,2,15
237.0,cluster_12013799529_12013799530_473195061,3,2,15
238.0,2496228891,0,2,15
238.0,cluster_12013799525_12013799526_2496228894,0,2,15
238.0,cluster_12013799527_12013799528_2190601967,1,2,15
238.0,cluster_12013799529_12013799530_473195061,3,2,15
239.0,2496228891,0,2,15
239.0,cluster_12013799525_12013799526_2496228894,0,2,15
239.0,cluster_12013799527_12013799528_2190601967,1,2,15
239.0,cluster_12013799529_12013799530_473195061,3,2,15
240.0,2496228891,0,2,15
240.0,cluster_12013799525_12013799526_2496228894,0,2,15
240.0,cluster_12013799527_12013799528_2190601967,2,2,15
240.0,cluster_12013799529_12013799530_473195061,2,2,15
241.0,2496228891,0,2,15
241.0,cluster_12013799525_12013799526_2496228894,0,2,15
241.0,cluster_12013799527_12013799528_2190601967,2,2,15
241.0,cluster_12013799529_12013799530_473195061,2,2,15
242.0,2496228891,0,2,15
242.0,cluster_12013799525_12013799526_2496228894,0,2,15
242.0,cluster_12013799527_12013799528_2190601967,2,2,15
242.0,cluster_12013799529_12013799530_473195061,2,2,15
243.0,2496228891,0,2,15
243.0,cluster_12013799525_12013799526_2496228894,0,2,15
243.0,cluster_12013799527_12013799528_2190601967,2,2,15
243.0,cluster_12013799529_12013799530_473195061,1,2,15
244.0,2496228891,0,2,15
244.0,cluster_12013799525_12013799526_2496228894,0,2,15
244.0,cluster_12013799527_12013799528_2190601967,0,2,15
244.0,cluster_12013799529_12013799530_473195061,1,2,15
245.0,2496228891,0,2,15
245.0,cluster_12013799525_12013799526_2496228894,0,2,15
245.0,cluster_12013799527_12013799528_2190601967,0,2,15
245.0,cluster_12013799529_12013799530_473195061,1,2,15
246.0,2496228891,0,2,15
246.0,cluster_12013799525_12013799526_2496228894,0,2,15
246.0,cluster_12013799527_12013799528_2190601967,0,2,15
246.0,cluster_12013799529_12013799530_473195061,1,2,15
247.0,2496228891,0,2,15
247.0,cluster_12013799525_12013799526_2496228894,0,2,15
247.0,cluster_12013799527_12013799528_2190601967,0,2,15
247.0,cluster_12013799529_12013799530_473195061,1,2,15
248.0,2496228891,0,2,15
248.0,cluster_12013799525_12013799526_2496228894,0,2,15
248.0,cluster_12013799527_12013799528_2190601967,0,2,15
248.0,cluster_12013799529_12013799530_473195061,1,2,15
249.0,2496228891,0,2,15
249.0,cluster_12013799525_12013799526_2496228894,0,2,15
249.0,cluster_12013799527_12013799528_2190601967,0,2,15
249.0,cluster_12013799529_12013799530_473195061,1,2,15
250.0,2496228891,0,2,15
250.0,cluster_12013799525_12013799526_2496228894,0,2,15
250.0,cluster_12013799527_12013799528_2190601967,0,2,15
250.0,cluster_12013799529_12013799530_473195061,1,2,15
251.0,2496228891,0,2,15
251.0,cluster_12013799525_12013799526_2496228894,0,2,15
251.0,cluster_12013799527_12013799528_2190601967,0,2,15
251.0,cluster_12013799529_12013799530_473195061,1,2,15
252.0,2496228891,0,2,15
252.0,cluster_12013799525_12013799526_2496228894,0,2,15
252.0,cluster_12013799527_12013799528_2190601967,0,2,15
252.0,cluster_12013799529_12013799530_473195061,1,2,15
253.0,2496228891,0,2,15
253.0,cluster_12013799525_12013799526_2496228894,0,2,15
253.0,cluster_12013799527_12013799528_2190601967,0,2,15
253.0,cluster_12013799529_12013799530_473195061,1,2,15
254.0,2496228891,0,2,15
254.0,cluster_12013799525_12013799526_2496228894,0,2,15
254.0,cluster_12013799527_12013799528_2190601967,0,2,15
254.0,cluster_12013799529_12013799530_473195061,1,2,15
255.0,2496228891,0,2,15
255.0,cluster_12013799525_12013799526_2496228894,0,2,15
255.0,cluster_12013799527_12013799528_2190601967,0,2,15
255.0,cluster_12013799529_12013799530_473195061,1,2,15
256.0,2496228891,0,2,15
256.0,cluster_12013799525_12013799526_2496228894,0,2,15
256.0,cluster_12013799527_12013799528_2190601967,0,2,15
256.0,cluster_12013799529_12013799530_473195061,1,2,15
257.0,2496228891,0,2,15
257.0,cluster_12013799525_12013799526_2496228894,0,2,15
257.0,cluster_12013799527_12013799528_2190601967,0,2,15
257.0,cluster_12013799529_12013799530_473195061,1,2,15
258.0,2496228891,0,2,15
258.0,cluster_12013799525_12013799526_2496228894,0,2,15
258.0,cluster_12013799527_12013799528_2190601967,0,2,15
258.0,cluster_12013799529_12013799530_473195061,0,2,15
259.0,2496228891,0,2,15
259.0,cluster_12013799525_12013799526_2496228894,0,2,15
259.0,cluster_12013799527_12013799528_2190601967,0,2,15
259.0,cluster_12013799529_12013799530_473195061,0,2,15
260.0,2496228891,0,2,15
260.0,cluster_12013799525_12013799526_2496228894,0,2,15
260.0,cluster_12013799527_12013799528_2190601967,0,2,15
260.0,cluster_12013799529_12013799530_473195061,0,2,15
261.0,2496228891,0,2,15
261.0,cluster_12013799525_12013799526_2496228894,0,2,15
261.0,cluster_12013799527_12013799528_2190601967,0,2,15
261.0,cluster_12013799529_12013799530_473195061,0,2,15
262.0,2496228891,0,2,15
262.0,cluster_12013799525_12013799526_2496228894,0,2,15
262.0,cluster_12013799527_12013799528_2190601967,0,2,15
262.0,cluster_12013799529_12013799530_473195061,0,2,15
263.0,2496228891,0,2,15
263.0,cluster_12013799525_12013799526_2496228894,0,2,15
263.0,cluster_12013799527_12013799528_2190601967,0,2,15
263.0,cluster_12013799529_12013799530_473195061,0,2,15
264.0,2496228891,0,2,15
264.0,cluster_12013799525_12013799526_2496228894,0,2,15
264.0,cluster_12013799527_12013799528_2190601967,0,2,15
264.0,cluster_12013799529_12013799530_473195061,0,2,15
265.0,2496228891,0,2,15
265.0,cluster_12013799525_12013799526_2496228894,0,2,15
265.0,cluster_12013799527_12013799528_2190601967,0,2,15
265.0,cluster_12013799529_12013799530_473195061,0,2,15
266.0,2496228891,0,2,15
266.0,cluster_12013799525_12013799526_2496228894,0,2,15
266.0,cluster_12013799527_12013799528_2190601967,0,2,15
266.0,cluster_12013799529_12013799530_473195061,0,2,15
267.0,2496228891,0,2,15
267.0,cluster_12013799525_12013799526_2496228894,0,2,15
267.0,cluster_12013799527_12013799528_2190601967,0,2,15
267.0,cluster_12013799529_12013799530_473195061,0,2,15
271.0,2496228891,5,0,21
271.0,cluster_12013799525_12013799526_2496228894,0,0,15
271.0,cluster_12013799527_12013799528_2190601967,0,0,15
271.0,cluster_12013799529_12013799530_473195061,0,0,15
272.0,2496228891,3,0,15
272.0,cluster_12013799525_12013799526_2496228894,0,0,15
272.0,cluster_12013799527_12013799528_2190601967,0,0,15
272.0,cluster_12013799529_12013799530_473195061,0,0,15
273.0,2496228891,3,0,15
273.0,cluster_12013799525_12013799526_2496228894,0,0,15
273.0,cluster_12013799527_12013799528_2190601967,0,0,15
273.0,cluster_12013799529_12013799530_473195061,0,0,15
274.0,2496228891,3,0,15
274.0,cluster_12013799525_12013799526_2496228894,0,0,15
274.0,cluster_12013799527_12013799528_2190601967,0,0,15
274.0,cluster_12013799529_12013799530_473195061,0,0,15
275.0,2496228891,2,0,15
275.0,cluster_12013799525_12013799526_2496228894,0,0,15
275.0,cluster_12013799527_12013799528_2190601967,0,0,15
275.0,cluster_12013799529_12013799530_473195061,0,0,15
276.0,2496228891,1,0,15
276.0,cluster_12013799525_12013799526_2496228894,0,0,15
276.0,cluster_12013799527_12013799528_2190601967,0,0,15
276.0,cluster_12013799529_12013799530_473195061,0,0,15
277.0,2496228891,1,0,15
277.0,cluster_12013799525_12013799526_2496228894,0,0,15
277.0,cluster_12013799527_12013799528_2190601967,0,0,15
277.0,cluster_12013799529_12013799530_473195061,0,0,15
278.0,2496228891,1,0,15
278.0,cluster_12013799525_12013799526_2496228894,1,0,15
278.0,cluster_12013799527_12013799528_2190601967,1,0,15
278.0,cluster_12013799529_12013799530_473195061,1,0,15
279.0,2496228891,1,0,15
279.0,cluster_12013799525_12013799526_2496228894,1,0,15
279.0,cluster_12013799527_12013799528_2190601967,1,0,15
279.0,cluster_12013799529_12013799530_473195061,1,0,15
280.0,2496228891,1,0,15
280.0,cluster_12013799525_12013799526_2496228894,1,0,15
280.0,cluster_12013799527_12013799528_2190601967,1,0,15
280.0,cluster_12013799529_12013799530_473195061,1,0,15
281.0,2496228891,1,0,15
281.0,cluster_12013799525_12013799526_2496228894,1,0,15
281.0,cluster_12013799527_12013799528_2190601967,1,0,15
281.0,cluster_12013799529_12013799530_473195061,1,0,15
282.0,2496228891,2,0,15
282.0,cluster_12013799525_12013799526_2496228894,2,0,15
282.0,cluster_12013799527_12013799528_2190601967,2,0,15
282.0,cluster_12013799529_12013799530_473195061,2,0,15
283.0,2496228891,2,0,15
283.0,cluster_12013799525_12013799526_2496228894,2,0,15
283.0,cluster_12013799527_12013799528_2190601967,2,0,15
283.0,cluster_12013799529_12013799530_473195061,2,0,15
284.0,2496228891,2,0,15
284.0,cluster_12013799525_12013799526_2496228894,2,0,15
284.0,cluster_12013799527_12013799528_2190601967,2,0,15
284.0,cluster_12013799529_12013799530_473195061,2,0,15
285.0,2496228891,2,0,15
285.0,cluster_12013799525_12013799526_2496228894,2,0,15
285.0,cluster_12013799527_12013799528_2190601967,2,0,15
285.0,cluster_12013799529_12013799530_473195061,2,0,15
286.0,2496228891,3,0,15
286.0,cluster_12013799525_12013799526_2496228894,3,0,15
286.0,cluster_12013799527_12013799528_2190601967,3,0,15
286.0,cluster_12013799529_12013799530_473195061,3,0,15
287.0,2496228891,3,0,15
287.0,cluster_12013799525_12013799526_2496228894,3,0,15
287.0,cluster_12013799527_12013799528_2190601967,3,0,15
287.0,cluster_12013799529_12013799530_473195061,3,0,15
288.0,2496228891,3,0,15
288.0,cluster_12013799525_12013799526_2496228894,2,0,15
288.0,cluster_12013799527_12013799528_2190601967,3,0,15
288.0,cluster_12013799529_12013799530_473195061,3,0,15
289.0,2496228891,3,0,15
289.0,cluster_12013799525_12013799526_2496228894,2,0,15
289.0,cluster_12013799527_12013799528_2190601967,3,0,15
289.0,cluster_12013799529_12013799530_473195061,3,0,15
290.0,2496228891,4,0,23
290.0,cluster_12013799525_12013799526_2496228894,3,0,15
290.0,cluster_12013799527_12013799528_2190601967,4,0,23
290.0,cluster_12013799529_12013799530_473195061,4,0,21
291.0,2496228891,4,0,21
291.0,cluster_12013799525_12013799526_2496228894,3,0,15
291.0,cluster_12013799527_12013799528_2190601967,4,0,21
291.0,cluster_12013799529_12013799530_473195061,4,0,21
292.0,2496228891,4,0,21
292.0,cluster_12013799525_12013799526_2496228894,2,0,15
292.0,cluster_12013799527_12013799528_2190601967,4,0,21
292.0,cluster_12013799529_12013799530_473195061,4,0,21
293.0,2496228891,3,0,15
293.0,cluster_12013799525_12013799526_2496228894,2,0,15
293.0,cluster_12013799527_12013799528_2190601967,4,0,21
293.0,cluster_12013799529_12013799530_473195061,3,0,15
294.0,2496228891,3,0,15
294.0,cluster_12013799525_12013799526_2496228894,2,0,15
294.0,cluster_12013799527_12013799528_2190601967,5,0,23
294.0,cluster_12013799529_12013799530_473195061,3,0,15
295.0,2496228891,6,0,23
295.0,cluster_12013799525_12013799526_2496228894,1,0,15
295.0,cluster_12013799527_12013799528_2190601967,4,0,21
295.0,cluster_12013799529_12013799530_473195061,4,0,21
296.0,2496228891,6,0,21
296.0,cluster_12013799525_12013799526_2496228894,1,0,15
296.0,cluster_12013799527_12013799528_2190601967,4,0,21
296.0,cluster_12013799529_12013799530_473195061,4,0,21
297.0,2496228891,6,0,21
297.0,cluster_12013799525_12013799526_2496228894,1,0,15
297.0,cluster_12013799527_12013799528_2190601967,4,0,21
297.0,cluster_12013799529_12013799530_473195061,4,0,21
298.0,2496228891,6,0,21
298.0,cluster_12013799525_12013799526_2496228894,1,0,15
298.0,cluster_12013799527_12013799528_2190601967,5,0,23
298.0,cluster_12013799529_12013799530_473195061,4,0,21
299.0,2496228891,5,0,23
299.0,cluster_12013799525_12013799526_2496228894,1,0,15
299.0,cluster_12013799527_12013799528_2190601967,5,0,21
299.0,cluster_12013799529_12013799530_473195061,4,0,21
300.0,2496228891,5,0,23
300.0,cluster_12013799525_12013799526_2496228894,0,0,15
300.0,cluster_12013799527_12013799528_2190601967,5,0,21
300.0,cluster_12013799529_12013799530_473195061,4,0,21
301.0,2496228891,4,0,21
301.0,cluster_12013799525_12013799526_2496228894,0,0,15
301.0,cluster_12013799527_12013799528_2190601967,4,0,21
301.0,cluster_12013799529_12013799530_473195061,3,0,15
302.0,2496228891,4,0,21
302.0,cluster_12013799525_12013799526_2496228894,0,0,15
302.0,cluster_12013799527_12013799528_2190601967,5,0,23
302.0,cluster_12013799529_12013799530_473195061,3,0,15
303.0,2496228891,6,0,23
303.0,cluster_12013799525_12013799526_2496228894,0,0,15
303.0,cluster_12013799527_12013799528_2190601967,5,0,21
303.0,cluster_12013799529_12013799530_473195061,3,0,15
304.0,2496228891,5,0,21
304.0,cluster_12013799525_12013799526_2496228894,0,0,15
304.0,cluster_12013799527_12013799528_2190601967,4,0,21
304.0,cluster_12013799529_12013799530_473195061,3,0,15
305.0,2496228891,5,0,21
305.0,cluster_12013799525_12013799526_2496228894,0,0,15
305.0,cluster_12013799527_12013799528_2190601967,4,0,21
305.0,cluster_12013799529_12013799530_473195061,3,0,15
306.0,2496228891,5,0,21
306.0,cluster_12013799525_12013799526_2496228894,0,0,15
306.0,cluster_12013799527_12013799528_2190601967,4,0,21
306.0,cluster_12013799529_12013799530_473195061,3,0,15
307.0,2496228891,4,0,21
307.0,cluster_12013799525_12013799526_2496228894,0,0,15
307.0,cluster_12013799527_12013799528_2190601967,3,0,15
307.0,cluster_12013799529_12013799530_473195061,2,0,15
308.0,2496228891,2,0,15
308.0,cluster_12013799525_12013799526_2496228894,0,0,15
308.0,cluster_12013799527_12013799528_2190601967,3,0,15
308.0,cluster_12013799529_12013799530_473195061,2,0,15
309.0,2496228891,1,0,15
309.0,cluster_12013799525_12013799526_2496228894,0,0,15
309.0,cluster_12013799527_12013799528_2190601967,3,0,15
309.0,cluster_12013799529_12013799530_473195061,1,0,15
310.0,2496228891,2,0,15
310.0,cluster_12013799525_12013799526_2496228894,0,0,15
310.0,cluster_12013799527_12013799528_2190601967,3,0,15
310.0,cluster_12013799529_12013799530_473195061,1,0,15
311.0,2496228891,2,0,15
311.0,cluster_12013799525_12013799526_2496228894,0,0,15
311.0,cluster_12013799527_12013799528_2190601967,3,0,15
311.0,cluster_12013799529_12013799530_473195061,1,0,15
312.0,2496228891,2,0,15
312.0,cluster_12013799525_12013799526_2496228894,0,0,15
312.0,cluster_12013799527_12013799528_2190601967,2,0,15
312.0,cluster_12013799529_12013799530_473195061,1,0,15
316.0,2496228891,2,2,15
316.0,cluster_12013799525_12013799526_2496228894,3,2,15
316.0,cluster_12013799527_12013799528_2190601967,3,2,15
316.0,cluster_12013799529_12013799530_473195061,5,2,21
317.0,2496228891,2,2,15
317.0,cluster_12013799525_12013799526_2496228894,2,2,15
317.0,cluster_12013799527_12013799528_2190601967,2,2,15
317.0,cluster_12013799529_12013799530_473195061,5,2,21
318.0,2496228891,2,2,15
318.0,cluster_12013799525_12013799526_2496228894,2,2,15
318.0,cluster_12013799527_12013799528_2190601967,2,2,15
318.0,cluster_12013799529_12013799530_473195061,4,2,21
319.0,2496228891,2,2,15
319.0,cluster_12013799525_12013799526_2496228894,2,2,15
319.0,cluster_12013799527_12013799528_2190601967,2,2,15
319.0,cluster_12013799529_12013799530_473195061,4,2,21
320.0,2496228891,1,2,15
320.0,cluster_12013799525_12013799526_2496228894,1,2,15
320.0,cluster_12013799527_12013799528_2190601967,1,2,15
320.0,cluster_12013799529_12013799530_473195061,4,2,21
321.0,2496228891,1,2,15
321.0,cluster_12013799525_12013799526_2496228894,2,2,15
321.0,cluster_12013799527_12013799528_2190601967,1,2,15
321.0,cluster_12013799529_12013799530_473195061,4,2,21
322.0,2496228891,1,2,15
322.0,cluster_12013799525_12013799526_2496228894,2,2,15
322.0,cluster_12013799527_12013799528_2190601967,1,2,15
322.0,cluster_12013799529_12013799530_473195061,4,2,21
323.0,2496228891,0,2,15
323.0,cluster_12013799525_12013799526_2496228894,2,2,15
323.0,cluster_12013799527_12013799528_2190601967,0,2,15
323.0,cluster_12013799529_12013799530_473195061,5,2,23
324.0,2496228891,0,2,15
324.0,cluster_12013799525_12013799526_2496228894,2,2,15
324.0,cluster_12013799527_12013799528_2190601967,0,2,15
324.0,cluster_12013799529_12013799530_473195061,5,2,21
325.0,2496228891,0,2,15
325.0,cluster_12013799525_12013799526_2496228894,2,2,15
325.0,cluster_12013799527_12013799528_2190601967,0,2,15
325.0,cluster_12013799529_12013799530_473195061,6,2,23
326.0,2496228891,0,2,15
326.0,cluster_12013799525_12013799526_2496228894,3,2,15
326.0,cluster_12013799527_12013799528_2190601967,0,2,15
326.0,cluster_12013799529_12013799530_473195061,5,2,21
327.0,2496228891,0,2,15
327.0,cluster_12013799525_12013799526_2496228894,3,2,15
327.0,cluster_12013799527_12013799528_2190601967,0,2,15
327.0,cluster_12013799529_12013799530_473195061,5,2,21
328.0,2496228891,0,2,15
328.0,cluster_12013799525_12013799526_2496228894,3,2,15
328.0,cluster_12013799527_12013799528_2190601967,0,2,15
328.0,cluster_12013799529_12013799530_473195061,5,2,21
329.0,2496228891,0,2,15
329.0,cluster_12013799525_12013799526_2496228894,3,2,15
329.0,cluster_12013799527_12013799528_2190601967,0,2,15
329.0,cluster_12013799529_12013799530_473195061,5,2,23
330.0,2496228891,0,2,15
330.0,cluster_12013799525_12013799526_2496228894,3,2,15
330.0,cluster_12013799527_12013799528_2190601967,0,2,15
330.0,cluster_12013799529_12013799530_473195061,5,2,21
331.0,2496228891,0,2,15
331.0,cluster_12013799525_12013799526_2496228894,3,2,15
331.0,cluster_12013799527_12013799528_2190601967,0,2,15
331.0,cluster_12013799529_12013799530_473195061,5,2,21
332.0,2496228891,0,2,15
332.0,cluster_12013799525_12013799526_2496228894,2,2,15
332.0,cluster_12013799527_12013799528_2190601967,0,2,15
332.0,cluster_12013799529_12013799530_473195061,4,2,21
333.0,2496228891,0,2,15
333.0,cluster_12013799525_12013799526_2496228894,1,2,15
333.0,cluster_12013799527_12013799528_2190601967,0,2,15
333.0,cluster_12013799529_12013799530_473195061,4,2,21
334.0,2496228891,0,2,15
334.0,cluster_12013799525_12013799526_2496228894,1,2,15
334.0,cluster_12013799527_12013799528_2190601967,0,2,15
334.0,cluster_12013799529_12013799530_473195061,3,2,15
335.0,2496228891,0,2,15
335.0,cluster_12013799525_12013799526_2496228894,1,2,15
335.0,cluster_12013799527_12013799528_2190601967,1,2,15
335.0,cluster_12013799529_12013799530_473195061,3,2,15
336.0,2496228891,0,2,15
336.0,cluster_12013799525_12013799526_2496228894,1,2,15
336.0,cluster_12013799527_12013799528_2190601967,1,2,15
336.0,cluster_12013799529_12013799530_473195061,2,2,15
337.0,2496228891,0,2,15
337.0,cluster_12013799525_12013799526_2496228894,1,2,15
337.0,cluster_12013799527_12013799528_2190601967,1,2,15
337.0,cluster_12013799529_12013799530_473195061,2,2,15
338.0,2496228891,0,2,15
338.0,cluster_12013799525_12013799526_2496228894,1,2,15
338.0,cluster_12013799527_12013799528_2190601967,1,2,15
338.0,cluster_12013799529_12013799530_473195061,2,2,15
339.0,2496228891,0,2,15
339.0,cluster_12013799525_12013799526_2496228894,1,2,15
339.0,cluster_12013799527_12013799528_2190601967,1,2,15
339.0,cluster_12013799529_12013799530_473195061,2,2,15
340.0,2496228891,0,2,15
340.0,cluster_12013799525_12013799526_2496228894,1,2,15
340.0,cluster_12013799527_12013799528_2190601967,1,2,15
340.0,cluster_12013799529_12013799530_473195061,2,2,15
341.0,2496228891,0,2,15
341.0,cluster_12013799525_12013799526_2496228894,0,2,15
341.0,cluster_12013799527_12013799528_2190601967,1,2,15
341.0,cluster_12013799529_12013799530_473195061,2,2,15
342.0,2496228891,0,2,15
342.0,cluster_12013799525_12013799526_2496228894,0,2,15
342.0,cluster_12013799527_12013799528_2190601967,1,2,15
342.0,cluster_12013799529_12013799530_473195061,2,2,15
343.0,2496228891,0,2,15
343.0,cluster_12013799525_12013799526_2496228894,0,2,15
343.0,cluster_12013799527_12013799528_2190601967,1,2,15
343.0,cluster_12013799529_12013799530_473195061,2,2,15
344.0,2496228891,0,2,15
344.0,cluster_12013799525_12013799526_2496228894,0,2,15
344.0,cluster_12013799527_12013799528_2190601967,2,2,15
344.0,cluster_12013799529_12013799530_473195061,2,2,15
345.0,2496228891,0,2,15
345.0,cluster_12013799525_12013799526_2496228894,0,2,15
345.0,cluster_12013799527_12013799528_2190601967,1,2,15
345.0,cluster_12013799529_12013799530_473195061,2,2,15
346.0,2496228891,0,2,15
346.0,cluster_12013799525_12013799526_2496228894,0,2,15
346.0,cluster_12013799527_12013799528_2190601967,1,2,15
346.0,cluster_12013799529_12013799530_473195061,2,2,15
347.0,2496228891,0,2,15
347.0,cluster_12013799525_12013799526_2496228894,0,2,15
347.0,cluster_12013799527_12013799528_2190601967,1,2,15
347.0,cluster_12013799529_12013799530_473195061,2,2,15
348.0,2496228891,0,2,15
348.0,cluster_12013799525_12013799526_2496228894,0,2,15
348.0,cluster_12013799527_12013799528_2190601967,1,2,15
348.0,cluster_12013799529_12013799530_473195061,2,2,15
349.0,2496228891,0,2,15
349.0,cluster_12013799525_12013799526_2496228894,0,2,15
349.0,cluster_12013799527_12013799528_2190601967,1,2,15
349.0,cluster_12013799529_12013799530_473195061,2,2,15
350.0,2496228891,0,2,15
350.0,cluster_12013799525_12013799526_2496228894,0,2,15
350.0,cluster_12013799527_12013799528_2190601967,1,2,15
350.0,cluster_12013799529_12013799530_473195061,2,2,15
351.0,2496228891,0,2,15
351.0,cluster_12013799525_12013799526_2496228894,0,2,15
351.0,cluster_12013799527_12013799528_2190601967,1,2,15
351.0,cluster_12013799529_12013799530_473195061,2,2,15
352.0,2496228891,0,2,15
352.0,cluster_12013799525_12013799526_2496228894,0,2,15
352.0,cluster_12013799527_12013799528_2190601967,0,2,15
352.0,cluster_12013799529_12013799530_473195061,2,2,15
353.0,2496228891,0,2,15
353.0,cluster_12013799525_12013799526_2496228894,0,2,15
353.0,cluster_12013799527_12013799528_2190601967,1,2,15
353.0,cluster_12013799529_12013799530_473195061,2,2,15
354.0,2496228891,0,2,15
354.0,cluster_12013799525_12013799526_2496228894,0,2,15
354.0,cluster_12013799527_12013799528_2190601967,1,2,15
354.0,cluster_12013799529_12013799530_473195061,2,2,15
355.0,2496228891,0,2,15
355.0,cluster_12013799525_12013799526_2496228894,0,2,15
355.0,cluster_12013799527_12013799528_2190601967,1,2,15
355.0,cluster_12013799529_12013799530_473195061,2,2,15
356.0,2496228891,0,2,15
356.0,cluster_12013799525_12013799526_2496228894,0,2,15
356.0,cluster_12013799527_12013799528_2190601967,1,2,15
356.0,cluster_12013799529_12013799530_473195061,2,2,15
357.0,2496228891,0,2,15
357.0,cluster_12013799525_12013799526_2496228894,0,2,15
357.0,cluster_12013799527_12013799528_2190601967,1,2,15
357.0,cluster_12013799529_12013799530_473195061,2,2,15
361.0,2496228891,9,0,22
361.0,cluster_12013799525_12013799526_2496228894,0,0,15
361.0,cluster_12013799527_12013799528_2190601967,1,0,15
361.0,cluster_12013799529_12013799530_473195061,0,0,15
362.0,2496228891,7,0,21
362.0,cluster_12013799525_12013799526_2496228894,0,0,15
362.0,cluster_12013799527_12013799528_2190601967,1,0,15
362.0,cluster_12013799529_12013799530_473195061,0,0,15
363.0,2496228891,7,0,23
363.0,cluster_12013799525_12013799526_2496228894,0,0,15
363.0,cluster_12013799527_12013799528_2190601967,1,0,15
363.0,cluster_12013799529_12013799530_473195061,0,0,15
364.0,2496228891,7,0,21
364.0,cluster_12013799525_12013799526_2496228894,0,0,15
364.0,cluster_12013799527_12013799528_2190601967,1,0,15
364.0,cluster_12013799529_12013799530_473195061,0,0,15
365.0,2496228891,6,0,21
365.0,cluster_12013799525_12013799526_2496228894,0,0,15
365.0,cluster_12013799527_12013799528_2190601967,0,0,15
365.0,cluster_12013799529_12013799530_473195061,0,0,15
366.0,2496228891,5,0,21
366.0,cluster_12013799525_12013799526_2496228894,0,0,15
366.0,cluster_12013799527_12013799528_2190601967,0,0,15
366.0,cluster_12013799529_12013799530_473195061,0,0,15
367.0,2496228891,4,0,23
367.0,cluster_12013799525_12013799526_2496228894,0,0,15
367.0,cluster_12013799527_12013799528_2190601967,0,0,15
367.0,cluster_12013799529_12013799530_473195061,0,0,15
368.0,2496228891,4,0,23
368.0,cluster_12013799525_12013799526_2496228894,0,0,15
368.0,cluster_12013799527_12013799528_2190601967,0,0,15
368.0,cluster_12013799529_12013799530_473195061,0,0,15
369.0,2496228891,3,0,15
369.0,cluster_12013799525_12013799526_2496228894,0,0,15
369.0,cluster_12013799527_12013799528_2190601967,0,0,15
369.0,cluster_12013799529_12013799530_473195061,0,0,15
370.0,2496228891,2,0,15
370.0,cluster_12013799525_12013799526_2496228894,0,0,15
370.0,cluster_12013799527_12013799528_2190601967,0,0,15
370.0,cluster_12013799529_12013799530_473195061,0,0,15
371.0,2496228891,2,0,15
371.0,cluster_12013799525_12013799526_2496228894,0,0,15
371.0,cluster_12013799527_12013799528_2190601967,0,0,15
371.0,cluster_12013799529_12013799530_473195061,0,0,15
372.0,2496228891,2,0,15
372.0,cluster_12013799525_12013799526_2496228894,0,0,15
372.0,cluster_12013799527_12013799528_2190601967,0,0,15
372.0,cluster_12013799529_12013799530_473195061,0,0,15
373.0,2496228891,1,0,15
373.0,cluster_12013799525_12013799526_2496228894,0,0,15
373.0,cluster_12013799527_12013799528_2190601967,0,0,15
373.0,cluster_12013799529_12013799530_473195061,0,0,15
374.0,2496228891,1,0,15
374.0,cluster_12013799525_12013799526_2496228894,0,0,15
374.0,cluster_12013799527_12013799528_2190601967,0,0,15
374.0,cluster_12013799529_12013799530_473195061,0,0,15
375.0,2496228891,0,0,15
375.0,cluster_12013799525_12013799526_2496228894,0,0,15
375.0,cluster_12013799527_12013799528_2190601967,0,0,15
375.0,cluster_12013799529_12013799530_473195061,0,0,15
376.0,2496228891,0,0,15
376.0,cluster_12013799525_12013799526_2496228894,0,0,15
376.0,cluster_12013799527_12013799528_2190601967,0,0,15
376.0,cluster_12013799529_12013799530_473195061,0,0,15
377.0,2496228891,0,0,15
377.0,cluster_12013799525_12013799526_2496228894,0,0,15
377.0,cluster_12013799527_12013799528_2190601967,0,0,15
377.0,cluster_12013799529_12013799530_473195061,0,0,15
378.0,2496228891,0,0,15
378.0,cluster_12013799525_12013799526_2496228894,0,0,15
378.0,cluster_12013799527_12013799528_2190601967,0,0,15
378.0,cluster_12013799529_12013799530_473195061,0,0,15
379.0,2496228891,0,0,15
379.0,cluster_12013799525_12013799526_2496228894,0,0,15
379.0,cluster_12013799527_12013799528_2190601967,0,0,15
379.0,cluster_12013799529_12013799530_473195061,0,0,15
380.0,2496228891,0,0,15
380.0,cluster_12013799525_12013799526_2496228894,0,0,15
380.0,cluster_12013799527_12013799528_2190601967,0,0,15
380.0,cluster_12013799529_12013799530_473195061,0,0,15
381.0,2496228891,0,0,15
